"","user_id","business_id","stars"
"1","RQU7dwZTdCLfy7DQU2TYlQ","LPmFKFCwEMauGfYF0lWGnw",5
"2","53QaFbmZojYK0vv3RQagcw","IMnTtFn3c5qZ7gW0gWqPzA",4
"3","OVwdQ7JFDiZ3JGICBYuIHw","CVpKlqrjYCyjxnlkBCUK5A",5
"4","te_j2wG9cTAWxXc5T6M0ig","0Da5sfXzUQdiuQ1aru_8Aw",5
"5","4OrFB2TDRsbokoYMhUf1EA","VeiGa7h8p1I2yAIfgZjgtw",4
"6","-R36ZL1dtT2NkLXCQyh4lw","tR7wIIvJsLqI8keoLf8tpg",4
"7","tNgxmynb12Gvd7PL8xxeaQ","tbg4gR3jUUllR28cySo2kg",3
"8","xpOGJ35fchd9_jGbe71yVA","fUBqSWOI5EkyXboVvov4hA",4
"9","urMOIldWTZhbjlWgmL6CFw","C7FKNwSUlbUinT9cRSLXHA",2
"10","WjAVbnbIGPKt_fiTF7hABA","CxQ1m2iY4wQpXC64tSfWgQ",5
"11","Sg_BvnTHsbc1AABiJjaiPA","9bbwPNPYXqP83reSK-hASg",4
"12","nPsmZczCPq_VJ6IK2zXatQ","0zhKgVmSsCVoFUY54tDibw",1
"13","IEPCAUMKCGcEULrW55W7ww","yFaKiy8M22zuRi5xSkQLQQ",5
"14","MmnQS_CrP2pXqm9aeAGJLg","j9tMEV719PzFcc_wp8mzlw",3
"15","gGEXvrha_CDxqr7wxnOWRQ","hViJhiow-CJVryMoEKxGhQ",1
"16","ITephNGJ2YWJEXCNHBgVwA","9hjuKkPO0LryqAq1xSfpuA",2
"17","ZKMWFd6hrFQZ2r9l8AdV5w","gVJgVlEsWul-QbAcMiupzg",4
"18","GqHrL09yyKXq1OHa8DhDPQ","rP90TP7gOMzBFTrKWEEsOw",3
"19","fe1nv-DVb8sGDCrwAy14yQ","tzRNk1hqooBV3i-Q_yKP7g",4
"20","m40drjwVLbvAADxrhgx3LA","dLJgjRFphvHoQQsC9tEyTQ",5
"21","XwBPmnTW0NZVT8tUa21hFw","C44mTlN9hDsy9CGlgRQ8sw",4
"22","MgaSOOQ-b0fpP8zG77M_Jw","d6asV_ziLv0SpOUEy9BWmg",4
"23","zrHhzP4omVmB2yCFDzR00Q","QQIjsdcokFermi2ugoD6ow",3
"24","zBTy8aSfzqKzLOZnr9b-Pw","PUyZcKYvrNZLzgRfM9evRg",5
"25","9a0Pa7qSLT2EAVyITfBUew","yvxE2zQ3xwoREosD_n7v_w",2
"26","EfYrxfEryaFknF6uuz4Wjw","q2CDww5vB2ZvLg0fjEWrvQ",2
"27","ATUdC8c4fTBWThy6rvFStA","CKtZX-G9AIOPIHPXOK56sg",5
"28","x2K8YAc3TMOLkTwetvj5IA","2UsXJkyf9EB-jLGRZd0sww",4
"29","0tajir0IFOMwOphaARjqxQ","TvIxodalwg5K9KE-Thg0TA",4
"30","YFQuPin3yZ3ocmaE4UTluQ","QoC-UTIeginhgjNd2WQNsQ",5
"31","N_P2vI_kZaP6Mw3yDz6PPg","Zq8I8faj8_VTDFulo8yo6w",4
"32","_2csJlhc6SGgK6rRZYwD1g","WVt2GdaHqZNE5qUIJ7k3Eg",4
"33","mSUCDdN0CdCBESGPnMTTaQ","yHkg_GiVpMCnHuMO4j7O0A",5
"34","0oER0ba9hJQHqJWu3d30tA","xGS_hoJmjSSkChEtPwQPhw",5
"35","NPYpeD0kKKuDm-TtmwxhHg","FWYba7-a8yCX7J2QqG720w",1
"36","rWad0m47ODrKbYh50TNk3A","0nkw7pLj753EobaGt-HvAw",5
"37","7kKoR3aJuNHutjb4_1meow","GTYA7fQK71WN9NU6ro0WmA",3
"38","yi8MUcO3O6ALXErrFuj2_A","X_OnAUXVGHjyWP9zoPVLTA",1
"39","Iyb9Kk3cznjyTPrkqjg9nw","VFslQjSgrw4Mu5_Q1xk1KQ",5
"40","ybIoXWnrkfC12PJKTs7pJA","uv7n9Af48hRVlpLNojvi7g",4
"41","IJkKZObEXSDi3lByvp9Sew","Dh3X5NuzAcFZSSl72a5lWg",4
"42","LJqXtIopDYQ8NHrQo1vZeQ","Nzn4B6Y-Rj2QOhSe7UTMzw",3
"43","ZV2MSoBzIiuvJe5kUfG1_w","rBeILr7kFzi7iPxSpP-TWg",5
"44","5b34ZU8UopKOD6zXMaWDcA","3ejW1TGlpSVhaspKversrw",1
"45","sEL_lWIu8Nguur23joB6ag","hzSyQBWeoX94WOpUtxuWVg",4
"46","LsWVdlrL-bW_CcXOwmbGcg","87h9WI6h9cjNHxQd0FizBA",1
"47","H-MSCtHX7EaO1B-QBmP1rg","OZ-GCbwkmQjz5LmsSUG8GA",4
"48","YZxToagdzhveUKlfPvpsyw","_9ZZv5V-uM5BXx3P-HslIw",5
"49","yvjjnSy_GrIlG2DTSQfW2g","NvdS8_9gyk1bdbOl8F5OOQ",2
"50","5hS9juuaN3kTV5f13nfFZQ","VFslQjSgrw4Mu5_Q1xk1KQ",5
"51","-oldzSOhMXzZhZBuoh0tlQ","6GXMHrB8u-3nq87zE1Av0w",1
"52","ShV9VYtBQ3YKHG5MHu74hg","dM7aCIJT_cWH3BNgMi9dNw",4
"53","PqEMzxn_7OHpqpwr0bXYkA","Lw7lLPi2Da-daCK2rxtPIw",2
"54","0chKHDXxNsM7wXj10nnfQw","hibPCAbDkDgeuAzbWt5UAA",3
"55","ZJJqdbs3329PEMTRe_H-0Q","Ckjlcv3mOPnCosSEPb4tmg",4
"56","53svJRkZHU_fyMBWH0M02Q","0b98YTfhRFLQGRA7GxfalA",3
"57","8pFLZXt2JXBUP1lIg3ISjA","jGuzp8hsKy27ZmK1jsvgYw",4
"58","cIwe0GQDMII1u-C157kVPA","YDOKZjBzxY6cJL1YUoDYSA",4
"59","AjkbbtosgHockU0Li21vwQ","d6asV_ziLv0SpOUEy9BWmg",3
"60","hJXUGd78KLmbcoff31iZOw","bUEd3c-Sh01fFt3kWAmZvQ",5
"61","XEze0KX753kYOE2DanVFTg","hHcO50egg663PN2v4hxeYw",5
"62","ZW1CzANiaUt5XbyhIhonOg","S4a-MaxMszQjSPSs1JSM2A",5
"63","wGTJ_xAPBpw7rRjn3sEL6g","VWQRiOMxmGiCbVnViwSMAA",5
"64","mRc8KSnIPgYeEBm-Kfkygw","T2fJ0H6-mnzxBd5-Vtdbmg",2
"65","NoS9XA3U7d2rTcXPXaVlwg","s6QUPoof2DGqXeDwvn3I_w",4
"66","NdnF4ERVYTKnhGCWPHpDzw","i7K6TFkrVsFEGtuX-ZJikA",5
"67","pfWK0FcNG4UMhxl6jfR9fQ","73Gb_mlpMyq6K34OhzUaXw",1
"68","2vRGI_UCyij7nJfs8-1z3w","ttZRucfe1fcN_DX2ZGZ1Vg",4
"69","a67BJayA0x4dNkVw_FG9WA","EdB_E_uQgHvPjlEdGOOgwQ",5
"70","Md_3mXs1o9cpLIg2Pc8BVQ","F-CnLwWvidsZqR9pLUrcBw",5
"71","76IrnacPAxq7OFSrkLuluA","NpK_MT1ZlZRKAV1CuM2hYA",4
"72","CpB00022d3I7EhxaM9lNhA","lORvOUQWdp8DsCAFfTEWow",2
"73","ZHAkzK4v0nQgRQhaxP1F6g","PglUKU53wCleQSwsxAI5TA",5
"74","qHreQmifF0dNmBhM36Fu4w","B3rqDNO6Tb3jVYM_JYNTIQ",4
"75","opnMQggysKmjRZ597aBx9Q","yx4IYpg9MGbrVqNdZwXX_A",5
"76","Hawxd0ziKAqzRkmBNS5ZlA","zqvFNZq8q86V7QOcpURcSg",4
"77","2VGbc-M24BrJvjdFf6gxfQ","F-CnLwWvidsZqR9pLUrcBw",2
"78","BS-L7-wHQ2GfgUCJLz0c3g","yx4IYpg9MGbrVqNdZwXX_A",3
"79","oM_u5psTbiX6zFqkWY4RBw","ZEHx7DVqZpH2Z__DqdH4yg",2
"80","be9f00q7Yk1bha60IkjFYg","0nXqQjJjBFDwQ8Ebfv4CQg",5
"81","Ioju7awBR3S_vSv3uU36Jw","WctBkzqclbWlmuxP72nv6g",5
"82","stlJvtCx8_mxroWChyBuhw","hURkUN-V6cNRDc8iq1ILdA",2
"83","gE-5s1PtmW5EDXoe3ClLBw","Q1Pbc0O1fkEQZ4vTBqpvyQ",3
"84","sAVr8jtWTtge8eJN-M-Teg","Fs7lKMANuifCyDjF99opRA",5
"85","b9Azt2DNyTP9QJZdRFs8jw","y9A0DQDz37RPFe1sIKkO7Q",4
"86","G3thrKyrG3FY4wlga4EKlw","tJZlh_R0ygfDj0zs_zL-Hg",1
"87","08jfo0j-qbcs5yKefByVKQ","jS2N_Q7uayKc6_Uvj4dy7w",5
"88","FLsUE5ff7Tb-SuObkqHS_A","bzZ7jQ-RXxsD0heDIUzojQ",4
"89","hukAFNR0SeHLnHCBLI-TSQ","fsqlE7jhO64Q62VDI_uRFQ",5
"90","rDgbaPBaNw0dS9fiaS2MdQ","4NzcJju3scPqlceyfAqZKw",3
"91","nlFiF0gCM9Tet3D-EYrH5A","Il4jWUU_bav_ReaZAS94fQ",5
"92","lGnDzh1RDPZdAlEl-rRQ1A","wsuzuLD3KV7L8oMinLCI0A",5
"93","K9aaBeoiK2IF33wImvEoAA","t5Ggj9n2ApvawNWTXvwMAg",4
"94","fbAnXRIKxuq7mYIa33Qg4g","eqFRLwj2_0v_1y2y8Ur3cg",3
"95","jxd8ElCBxdkoZ55qfKTFiw","4GYc1Ld8r4rGQJKz_Qp07A",3
"96","_qwxOkWqh56PK8owtxcMQw","YDD0n84xkd_nHmkmPorG5Q",5
"97","CAmlkIPFTNK4FEsDKCW2Mg","zrQAj03aHI7kpmAiyKcKhA",4
"98","JzfZ0jDlgi_Vt3_KMmYJ7Q","P-2zSdHB1rudqS5oGNIlqg",4
"99","aDylqeGgFOEY_5C9FjZpvw","DreD6wAqGxb9EHRmRhVG8w",2
"100","MxluzI5vFj4f8nB1bPJk_g","XIdmWw-OMx5nhpuTSdxYlQ",5
"101","dCATwLTGaDZAbSFxA-4pkw","Wu7wEakuGfBWsrNmFZ1KdA",3
"102","kA6ZU5cWtNXbknE5wP41Hw","szmLFKB_wzz3Fb4Tqg3r7g",4
"103","-tkL3jwKGXitNWWZ1Si9RA","EevD53rg1YVe9TwWqHihHA",2
"104","hnYKURXGHKDHsootMyyQUA","mjJH2IVATkFqWdleRc3dmg",5
"105","eRdQFwGEHvy4ifUYagzsTA","aRKDmJRynUacchS2_3yFKQ",5
"106","yP-qZ7om-ZXxVEWmmPb4uw","jecTDPfOsDVhVo2mHskcfA",3
"107","4BkogufeO33SaLRFNKKv4A","h0PlvZ5RFJ3VXkB6oMbjbA",1
"108","Djk49JjpKl9HQNpmiX669Q","5bkqLif__BaKE3uuL4QDPg",3
"109","OX3WcdqqlelkRjTw8WAnnw","N9f8XoP3Q019I2ph6-_aLA",2
"110","uMSNXawulpm9TxrLgm_k5Q","A3D8gBGNmt51kvcI0GkaGQ",2
"111","-HEq1EbCVD-5WQxPVwrCIA","eqFRLwj2_0v_1y2y8Ur3cg",1
"112","Jiw1kr7W1IbbqL1p_V7d1A","th4pZ5LkoIIkb1Vmu_m2DA",4
"113","gzvE5fwgwvU2rkbi31ZgoA","YRfDdBgWS4T80oJfKmVThA",2
"114","dwOMA0ioyul7H8iQNh2IDw","WVt2GdaHqZNE5qUIJ7k3Eg",1
"115","UvIhlDIvXs4IbhJqi4A3Mg","6CruOxyuBRnJJx3wRu_oMA",2
"116","umXowJ8qMjgOAAEARI1KOg","hD55NUiGDK7STQ8oy9QDPA",3
"117","bFX64YP2G6-Rx_-sbuMgSQ","xWkxO0hdHkhUF2K7vPo2qw",3
"118","GHcyvBgVV-F9s_hq2jWUNw","LbuZ4d51lh6PRvG399735w",5
"119","iRc5rGMdMI_vWywTBz5jyA","JlN5BhjbErkp6myx-8Adkw",4
"120","1uAWrkLF9LlvoVgmxGQYDg","USoCUrnuGw1mwzVpo_dlmA",3
"121","av-LMKuwDDPFWArPHV3Mow","6X8LoS2wHZ10Tp1245bTPA",4
"122","e2OMAscAPZoxcR4wwt7aBw","i6ZsiM27S0iE-QX8-B6n4w",3
"123","8hh50iYCCPaMYZcRREG46A","PFppNi9rZWAw5f8e5J41MQ",4
"124","5QVSMS-vV4jOgDLLPV75Mw","AJPF519vfV3QjMTblvApSA",1
"125","CInN-XrQsHkdst2QWouQeA","u1Xq93R4LQ2VV2hK8MK5Wg",5
"126","Uw2v16SKvj9uiheMp1q4oA","LU94EXLyCYrQoCFzpnVWWQ",1
"127","0rWyboGFan4Ot7u5Dhp-vA","7lnLcc02qBAH8N3j95IWSg",5
"128","j14WgRoU_-2ZE1aw1dXrJg","3QPVdctMl7-kSJJ67zRAaw",3
"129","XeWIIUbGwxS6YKrbddBtFw","TYZh2VnS9P6eJaHmUuRJQA",3
"130","-g92E-FSyAhKfWe0GWR8Zg","kAZ1CDYB1W2bZMaQCcoN2g",4
"131","L1rHL70rw8NYkZB8wYDhpQ","kkgAgHRZ4T7dEJDlNy2CYg",5
"132","QMPxvgCa2e1oIF15Bsa31g","5QtYMPUpaHz1H070KBjufg",4
"133","k8Ru12IPNpvNODC8KWlj5Q","Y7ehe7zpS4zf8SjOltf9sw",5
"134","pA7pqERqPSzIroGNptMH4w","TLtbQ98B3u1YTCTNEjgjbw",5
"135","rPBE52wRfXFRYwU9IZxfGg","QQIjsdcokFermi2ugoD6ow",4
"136","ZgJ6VvFLMm1Uxd3Bad3QvQ","Fv2VLzVj9ATLcTbFehTDjg",5
"137","8V9cZIM-SHxJ7lwUcdA-0g","0z3n5Qe-1O7YvGGE3aMc5g",4
"138","DlEP9MttW0e6Exx2j8Zseg","1-WF9A4i-0fI8XxCFbqrTA",3
"139","2CtJYMpMSp4EnZHSlB19uw","MLOeMcmWxhLCETunv7LTxw",3
"140","dvAXqNtZHuxLgTIyTC4omQ","zkmYfnGF3WilPsGiIkxYYw",4
"141","koPcUGy3lurzQWrJiy9CAg","_eDNXSw7pGbI6VkgsePuqA",5
"142","1BALbW3odPOsTpEO9dju6A","jEm2bOtR6oyDOdAuOhOEaQ",5
"143","zplKWUaAvtMdsKwHDPeHzQ","iLxG2Oo8HNSZFvJvba4W6g",5
"144","KRq0mrRp9IyHHDrSjeHNbA","E6AZ7qymJWky85VFeeN0gg",4
"145","XIJT2_tFeIaVzGsM-c9E4w","7pMyF2qq9pqMfzLZEvrohA",2
"146","_jXd74oZFTB4V-p2mdiKdw","KpUOz5tuL-lPrusZhh17rg",3
"147","_BcWyKQL16ndpBdggh2kNA","41Wm32-Aj7jdejK4QfUDDw",4
"148","y6kYXnmIGe-uxZKraX7VSw","EaBtZnaPl7nEARPqlbFUHw",5
"149","n5kQ3Y-HEKEr0hEcNONQeg","AXet1IgVZ7kXAFKjSn4GzQ",1
"150","KT2EgE1Nv_-Ms8olYxEuFw","Z9lnmJE6RA5jX6tpONzlHA",5
"151","PvV18yldpc2t35Ur2-FRqA","sIsXmah-sGpHaKBjU3KOFA",3
"152","JsbKIJsnrgQTMfYn03sLNA","BiZAzf2SAFCE0gJrX-PGFw",4
"153","f2GuYFUa5Lw0tdtkbkJmAg","qCmJ3StqvWuHEYhkwYZg_g",5
"154","pDyQsjOw5JP9U8t2r0i9gQ","gctbL0lDIYIHM6yDn99V-g",5
"155","QGmqELf0yjxEIV7rR6TBKw","t0Jua5Oo9247QorSQ1WzPw",3
"156","U82E36hFtRfysr1SAWcsbg","fin2G7SmfC2QRfeu7wmnbQ",3
"157","LtFYPwv7GYCaGTGH8g0zhw","wW9eE3x2TsndTKqRdAMhLA",5
"158","QdhsBITt2VqQzwNxRu4QjQ","fL_ilXgNUq_j9vMpZwdcLg",3
"159","99MpqrGNjmP028ng_C-8HQ","6kGDvAvH2AGBsjNyKAKOHw",3
"160","HbCOsFGrobfzgHle0OrRmA","T91XfCQKgvg9KsZnrLexig",1
"161","aAypfNUdOyM2rLkRSRNI5g","vg55SAkrEmuHpWfIMtJjBQ",4
"162","lgJ0HD6nC4o9DEgSjqhvdQ","KzgI3kFHxYdf-l3e0U-mdw",3
"163","cz3R9-I85gSQULXeB6Xljw","urcknOUG1FqK0QaNxVVQSA",3
"164","U-wg9NLSefc7oYjoKTMuyg","bW5drJ68TJVFHOdxoYLJoQ",2
"165","z9fEHupw2gAm81FYbiWhkA","IotuxJ8M1kDe9lK-cd1asQ",3
"166","vmL87BovJlmfZ2OHHxonYg","UsrKX2305OkmeI7K7cizjA",4
"167","CIgjSza2u-DB2eev3KHhWg","IBz37nHTguMVvSfLQHeZZA",5
"168","KOlC7i7USU5OVe0zL0acIw","ysxrRklK6xqBiBznoFp7Cw",5
"169","5Mnorc9jtNx3_FrCw8Hilg","joP8geCs-JMQr2tmM_f1sw",4
"170","X8XtoFBoAiHrw3rZ4v8cRQ","xtyK6kDA4A2ASCVuU2vH7A",3
"171","1Uc6NwkainkN_UQCfxsl-w","LwX2vbzttWYAdoBoVtfvRg",3
"172","qgb1wEXnfg6VszTkHNYShg","t1J5b65nI6M3Mi2HvJzHng",5
"173","jcHf4_8m_WjzdxrmUR9iTQ","csS_UrBujOvjASbX3gLW7w",4
"174","jKOckH3ejFOVXDUhsjXiPg","7LQgO9CBIOzzkWs4ydJ9JQ",5
"175","nv7hIIuiw_XuKtjO2Zdy4A","o3QrVPez9nt1Fod2pQ3XXw",3
"176","5boIADIgFslkomwGwNU4NQ","06eY-W4sjDQjhVDjnhJi4Q",2
"177","nJ9VaCv3LQz9-4035Oy4Cw","u1Xq93R4LQ2VV2hK8MK5Wg",5
"178","j2qOgqShx3dle-9iWjgziQ","DlmtE-lkDUGS_tnnBMKjFw",2
"179","axet_GNKLfDxyzqLcqL76Q","HxegWRjhi7m73mXRI8qQIg",4
"180","a88-q33V8MXlZcUkEHaxfg","-vsVhoqmoorfY79JJrhSFw",5
"181","B2kN6FY0LDwL0KI7Md_r0A","UZl66Oh_HmF4lhCHnvURJA",3
"182","rLCbMQmIuWnlI-IhIj51kQ","850x37UqfYu034zO0iCKxw",4
"183","PR87MIXpA_7-X2WSYSNRgw","sTcMk_Dn9vEhqgPpPlFWRA",5
"184","rSFKqD_KKTojHY2uUc8_lA","LT4M1fjwhWi-qjbmWlLLRg",5
"185","y4ybSBGqAgTuNzS8_6niLA","q0YbecHKgVoAHICrZgG7QQ",3
"186","8AHwby4ShZdbKRbYhCMh9w","kATS8uEAIQfeD66JypmgaQ",3
"187","TsZuAd7BLcQzSTxEK-INSA","1V013ZOBrPdfmszLuVdiiQ",1
"188","3riD5ZfvQoaeoPzY-yZFTA","C7FKNwSUlbUinT9cRSLXHA",4
"189","YTpPSL-hJ6NiWsLxqz3byg","lgO3Zsijjc0sTuKpwI8NsQ",2
"190","DAA51tqTdTooEojignjMhw","syTxG8mBUsdhbAIFlvoW1g",5
"191","pv6JXuI--pcfWVtOQarafw","KKCc0UwSpqLl3PkdB1Yhew",4
"192","Ud1Utu6fpiarWdlnD1RKKw","UZ0adu-4hd27k-_URRdMbw",4
"193","zxtZqGUAlyi5MvsxKrDzVQ","2bBSnkg6KQF4jq90IHWhHw",4
"194","v6Vh6NVgmfzngx4Hs3OEsg","PFppNi9rZWAw5f8e5J41MQ",5
"195","l6ZwXzJeXCNTAGF-MEX9kQ","HsrBr49livt6XtKbEzuHnQ",3
"196","_MhKAxz-S9C0OAmWLD9ilw","0OXTdtcR_HnuCPbZ6804Xw",2
"197","buqIKS_yqtMl0bbUr1uStw","ER0c0-cVKhW2O3sjUQawXg",4
"198","A9RKvWz-as6hzSKS_xwVrw","ScojJe95eYA3Ph5zvyonsQ",3
"199","qwT-Nf4lbmrJZ-XrQ3ucqA","u8C8pRvaHXg3PgDrsUHJHQ",4
"200","NwMpS7ikz2NUWzz8LftEJA","WaxhDYWQmZ1FGM2ChY7_2Q",3
"201","2KngCXOz9cq1wQdl1b57WA","piXuRfZ81xFGA64WFJrKkQ",5
"202","CKVyQBLk2YM82lYggLeaOQ","4HBKsjdGHutH3TflSa4QhA",5
"203","BsioI9bCRaqEdgFQamwqQw","oSMpVfjLeSDV2yZzNH0rKw",3
"204","2-iZ3lifB5gGWcpP6EgCCw","WDTzX_C2CbAwxBbqm-od6g",4
"205","eOCzLiZqtZLjcQDocPm7Lw","n4A61MWiTz6ZpiUBVQLcjA",4
"206","iak_GyocunNfPiQce2gzNw","qfNX18O5FdknoUjfI0n-fQ",2
"207","yCyYKXclouR94TnpRLBGRQ","26GVusr-8mreOg9Qe61rSA",5
"208","fRG9dGiwjRQ9GdBrBcqUYg","GaTccmN78DL8hv2FRzHBVA",3
"209","8aSgFHQTJJo7CCNUUfOffg","z2hoWsyUq85P37EHvMw3rw",3
"210","9TKDFXMvFNCmgTBzASFLXw","NtyjXKWUH_Lc0XEbxhp_1g",4
"211","io68m-rvad5oK3a8aYg5XA","weTyqRrJaaZ8TgKmNU_5ag",2
"212","PEQKeXPFoE_dEU7XKpwP8g","e9KXojla4OuVP7qcC5LNsg",4
"213","9l2DC4zM4iQDjzfGynrtZA","Hhfga62zdR5TxuqtleNHCg",5
"214","IxiVty8zfZC093jiaFaG3A","qFwc6pD29qnTgd9tZDRYig",4
"215","-Jf72gHHv6paqc_jHxnqRQ","XRq1pxoeTIUhTPVUNgDErQ",5
"216","i8Fui4zpiYCN1CO5WlRmUg","UoAdY_GmQhFbR21gGxRzJg",3
"217","IQFrFS0FzwATwkMlC6XBWg","EmZ9_DdX3ClgM9hNqbqo_w",3
"218","eEQV1KZlmO3yZfnxxYIYcQ","BJsVuk2sK7bE7vqCVxLgKQ",4
"219","ZKfw7Rnd34HWepqNjXsU-g","Ojj7Eb6gxtZ_X5g2oQuoOg",4
"220","RhpJu1YradQoskytizr0KA","ADe114o7Z4vb1O6HkM6YEA",3
"221","zwv46uLgQf0r0tKD_Bagag","g-B5qeJ0V9mTKrM9Ekr7BA",1
"222","JcnZGx0dNLgsmkBcZj8oWQ","MQ9PTbD-EFRUxhg0R5kjUw",5
"223","qcyJ-DuODYIOY7w1O6Catg","l2sEA8T4kPgJOicXqI8KXA",4
"224","Fo2XQwh3sgFPeGvlMITGoA","WctBkzqclbWlmuxP72nv6g",5
"225","2tMw-Sms2KcnVRqbHcaukA","Bmvu1grPzxECp7dxm8zerA",3
"226","UFndOif6UPKKFXwlZBXoyw","NxmRPUDi2UGnj6moH0mKAg",2
"227","41pctuawiZE9IVwVj41mlA","A6p0E-nFupEjDKpKx45CIQ",4
"228","SMTy5Enp4zxXZgnHZknfOw","DOeyLO90LxcnAjZxK-s9HA",3
"229","N-VOA74fWIiLXMbtTMtgzw","onpCyiEyNstwqT-asL9-fQ",3
"230","TSqZXZQidb-ip088neI96w","AAJ5TmqMK4TUqEHyBrMLXQ",5
"231","H4zTjok1S3GnJ48jSbEKuQ","FJkcyU_jT5quVxT_YyxFOQ",5
"232","F1KtNLnAJ4i44MItKnIhgg","NJwdO4FjfbazsyiHMS-o1g",3
"233","Ii6NTNqQDL4rOA93jX89UA","rnu8-Nv0jZo5IIikJf0LUg",3
"234","BGHdDra4uLCpIqTLOorNRw","zaFnxGccKKKzVPkVoE0M3Q",4
"235","rhI1Ml09oQlw84VEPeM5-A","Fozo0B-y42EhRMomR0K5vQ",5
"236","PNXWjkZdmZuMr5uziRIbpA","tcYS47Ijoi8vQ1oyApMrCw",5
"237","O2ZHQiSW7EL89qGJTNM6Hg","roEQNfyPi3jRv3WFFr-f_g",3
"238","YdmYLRU6XHImxjYo5ti3JA","7n1ytmxMsrCvK7QYx3Uzmw",4
"239","3-t_uaPKVQQmOUAIu7C-PA","MAW0cVbtqZEoXVESDkVDFQ",4
"240","FAUFToPu2zvmqOXeKw_y2g","FJlMfEtr7E-uTzUxspuzIg",5
"241","-s1IXiju95OMxtw4_2qcNw","9uVFews5pR3nWI7shkhozA",5
"242","ZhO-RaE4jCZNxHGclmTKOQ","CUhwFEU13F6NC98VkwYElg",4
"243","dbqwzNAIseUSYnmusg-D5A","YWEBg4mYZrpQ1vKjcVoVvw",5
"244","NbcKaDL1fZeSGj8g5EJR6Q","iY1sa6KDfSDg4yHwwGonrA",4
"245","cAZPTHB7lsXa17d8K-PoHQ","1x3f4TCx7uvE-slRYJp6eQ",4
"246","qql_O0JGevCVE8Bix9DsbA","PUyZcKYvrNZLzgRfM9evRg",3
"247","lFrwesBlycBrEzB7xjMOWQ","zSp9rLzeGCrvrGNUejN1dQ",4
"248","C1C7nGnlfJv3iEB4KQjCzQ","XIdmWw-OMx5nhpuTSdxYlQ",3
"249","XajdJYwJtkzPLjXuyAeaqg","wKiTxc-b6VGXReW_M8ylMA",5
"250","n9DJHwgYflQ_ms8gBU37Wg","d_IBp5wNVn5wDlNkblAL8w",5
"251","cb_M3T9JwOBIBL5-UCPTjw","i8uT-rfDKGwBApNX4tI2gg",5
"252","M2eD2rvFOpkztRhAZC53dQ","4NtLqqnDPJjeCbrys1zpdw",4
"253","SIyu7SN8BfD-QR-OT0M4Zw","GLP0_Rs2y4Q0Gxk7r1dddQ",4
"254","WTurWYOFVsVBOgy_HF_Oiw","KPFscTq_-jGPla0cNQRUcg",4
"255","BuC9XytuFDp2HUYLGqBisw","PpobKRsZ8TKFakZybNCd6A",1
"256","D-_yG-XuT_-gf3six6a7mg","O3BVb5A0djGMi8jAfr0-Lg",2
"257","a5QS6g30nM4q2XFGP6Po9g","wBMzAzT3haIsaA0JoDr1-Q",5
"258","6bfcLLL35DpsxAxxk5ZNAQ","RYy2c4Z92gClq8EzjHdMiw",5
"259","Rv5pjIvYBpYG-aIchNgLLQ","Fv2VLzVj9ATLcTbFehTDjg",5
"260","zN4TDCeB0uCn2ygCFuBgWQ","6v31gzvJ0A_8-JVPjgcF_A",1
"261","FB3X1XLLN_M8ygxTQVDWlQ","G3d-xJF_Rt-P_za2eZ1q-Q",5
"262","wCtf5_zG8EpWiBp_Oi7P0g","vP-LK8ta1SkcQ-vPEPy4cQ",3
"263","H-fhkqNHsQV_56L1WDp8BQ","zJHaLBqUYCXbc2Vyc1-MXA",5
"264","JTmaTqXK_Cz7c1AKde1NhQ","YzNr5QN_t2tbxitwcuu8EA",2
"265","3zVCY0lnHpNQ9Mg03D6GlA","EPMHuTHu46B123ivRIZ-Xg",5
"266","sgO-W7YX6ZHeNHQFOl3nGA","HYHdE4sJ4BYa0xlmO0PZ6A",2
"267","a68SXb-KVB9UWIJBrX4fZw","nfHJNQyVw4M6VTx5bqvnxw",3
"268","fdTuNLNTUGMCtBPhFTeEpQ","PmCzpKyHhBN1RoTEv6Edag",2
"269","ei8X5pyCur3d0CGb5EbnFA","kVTHnhgYUw-Pmr7wgDB4_g",5
"270","u0n9V-0X_GlrmEA7mGEUYQ","m_g1SSCAah3ThdnQD51nmA",5
"271","ww9msozuH5X0Wjdk3MB-hw","b_xFN9mtFWHUbny-GoiErQ",5
"272","G3bUPrjE__b-jKpYASYFxg","TUIDRJ_rUkdmYPSRAAEsPg",3
"273","O2Z7mvvdEq0VSGHbfJQu_g","T2UJ1qCwH8vTWB6q6I_qWg",5
"274","AckthJikDsJq_56DLd5_8g","JwvmZ3QET0ZgYykhiZb41g",5
"275","EoKg8T8HbcpTos9cUVyfFQ","meXU5mzbXhnpjFjEtEaoqg",4
"276","abSv4EROV16qmh0W-xHZAA","4uWVO2xAVZNk6hDVk0QChQ",2
"277","fnnqSTBZSN6VQj18ap8npA","3I2UzSJ9I3P24FJOiWVF6Q",5
"278","8XUF89sLIzdGlTqFKh8KxQ","UZ0adu-4hd27k-_URRdMbw",3
"279","zhLQCRHk5Y2NjI6cDwK1JA","TFxcmjVIsW5bdW7rilHHpQ",4
"280","pta3o1-YBG8LYpyR3EDq_w","zYAjbzw1ODIWERrf6_WOVw",4
"281","t_L5W32yaD9pYRuRQkxT5g","1QasX9aZjmvRBxVB47K6vw",5
"282","fwd_rUQ9aFjlPw2RwcKCag","eZ6dhl4xB9xJOzfB62ChKw",4
"283","MrOlzfCswFivNJ9z_3eS-w","Kq6uUzRw-iaqe4p7cLLmBQ",5
"284","3gWdk2I7cVJHLuP1c0pT3Q","6uc5h32bXZ7dQQ5xOeurnA",3
"285","ZSexQZocb2p2MH0LLQtVhw","WVt2GdaHqZNE5qUIJ7k3Eg",2
"286","WWsgM1rYfZq0Xjm11WLlGg","rKuwoSiXmbpVTHRkgYfn2Q",5
"287","lvMF9nlFqlwVqZihKbIw7A","Kq6uUzRw-iaqe4p7cLLmBQ",3
"288","KdjIgZEQcQ-LlZ_aaAS-zA","8VMY2s1dHASw_CGYJeYSZw",4
"289","0_i9EXQl_hFQsBMVn1RF2Q","CxQ1m2iY4wQpXC64tSfWgQ",2
"290","UXfbehEaLY4CH1RUuEqnHQ","8PN6QYX5f2R6ug4uuKG2gw",2
"291","dsIoKMs82dt2Pkln_UiBSQ","3BG1niOE6fJiIIk1-04sjg",5
"292","5bnk5a4tKfJS4pApExbMnw","BmgVjZ_m5YWpHtSRfPdhcw",4
"293","eoN2sn-Qzj52smD08rKDww","tbg4gR3jUUllR28cySo2kg",3
"294","RugiruRsLxooWa5aE5Z5lg","BiZAzf2SAFCE0gJrX-PGFw",3
"295","29WR-ftWlJNf9H8VytYxdQ","oSMpVfjLeSDV2yZzNH0rKw",3
"296","YYB12yp8FxmmzF6tJTmcTw","P-2zSdHB1rudqS5oGNIlqg",4
"297","9bWXc9uc1xB1EWI-o1FaNg","se_Kx22tdmaGldYSNwXlRg",4
"298","BwC6JnnmWP50MS6UubOv6Q","HITm7Unjhm1G6CAP1bx7Dg",1
"299","Np92xSYRbIRXapIX2LJDsQ","NBhp5TgshOcfwOYmZv-fQw",1
"300","aLJ1grASZI6nPfOl7HV5eg","3ECZI0UqG-DT_qa23SqQ-w",5
"301","sDXbvPLgB8HKL5WqeHVnAA","Mg1CS5aRT_eV4qaGpEvnIQ",4
"302","NyiQOCbO8vDAoYA-z1xGNw","-iS9xMoEMMklMEGsRwKfJw",5
"303","R10bLB3DyZ7c1W8jeYMc9w","szmLFKB_wzz3Fb4Tqg3r7g",4
"304","GmpSEv4b0AoIFATqNBu1bQ","7i8EqozH3Dm3OnZdyf39jQ",4
"305","LPTq2-fZ9_TsG5o8lAWCGg","o7BQ5ZQDWbplY1nKKl_FEg",2
"306","PgEy51Yv0uPcVJt3gl06Tg","QND-tvk05oiQUIoL_5jJKw",5
"307","FQ5jDHWyDNqIPUMuhsTgXg","xtyK6kDA4A2ASCVuU2vH7A",3
"308","Dz8DrAyYNU-5IzRi1qV1Og","O--Uey97By1D2rnhTo59ig",4
"309","zl_D6qkSnEK6nWQWF1GkmQ","8BF9-ZmvLqOp3cOnDRcwHA",5
"310","hZku_YzLDDq_flDXJSArNQ","3uJAt1EHG0x9pz_c91AHuQ",1
"311","mDfuHZFM6Jl_q2y3O6l6Pg","VQW5EWZY_rLRCABA5Ow_mw",5
"312","lsNiE_yD_QcofNp8jcnmnw","QsbVETl1x3KyQg2bMaGAZg",2
"313","6ubjzezu9C4OO_9wt2JwBw","qhz_ypl5rVzP-sJ-7t6ctw",4
"314","ilv33-4uy_W0JsuI9dQKwA","HxegWRjhi7m73mXRI8qQIg",5
"315","T3FiPeWrRemKYBqwK2nfLQ","2uf4Swj6fRoZ_WOaaVv8bA",2
"316","lZsusXJjzStoi3vQmqzoMg","N7Crq3DytuvUQ2OyX2YRmQ",2
"317","4K9Gv-vt3R97VwxxOkqKLg","WVt2GdaHqZNE5qUIJ7k3Eg",3
"318","hhUKI4brzbd4IdjuzqGOgA","j9tMEV719PzFcc_wp8mzlw",5
"319","clk385ygJaFUtRIT2M7yTw","if_WO0OL_d1pJRztdQXuDQ",4
"320","gdkOnSZDqmFT9jJIVt53Xg","HsrBr49livt6XtKbEzuHnQ",4
"321","JoKxzSvlqAhlsgrzRZTeFA","yLKoESPQ8BN7dn6ADzZicQ",4
"322","nhOGPvIgWwoiZ__9bm-00g","PzNLnRud1tIUqJQiwYanIw",2
"323","H0Jx9FwpQ-ZHuTwOExUEnA","uNumMb-5qNiVzW6T32Uiag",4
"324","U2WOM1Inblg3YYEo5A4bEQ","2HbFfXouEiPG1U-5Z7zoNA",5
"325","UtpY_2YsNXc-uj8e5M8a4Q","8a7LArdLouoi0rJgI3ilww",3
"326","CE1tLTgWisphnlJ5Sq5vDw","ymDHWlqyOi0FgrSLo1jpkg",2
"327","dhEonbPtE8bE_3Icl3BGWw","fdbTgcmRlj4uH2CNuRyk9g",4
"328","7KEsHZBmxVh50beaxH_Iog","qMqTY6MFgPCIPe1FXz6e_w",4
"329","nISPEXGuVsUQ-POEcOOXcg","Vf0-szX1DxTVYhpnJCwr9w",5
"330","ZlDjjcRyaD5tiJGA7BtrhA","CinvebXaAbKKHROKU9VWuw",3
"331","nqwCZT2cPVjffBVSgBoD1Q","RtkSumOcRr4GvRq-oUa2aA",2
"332","PFv_v-hEebIktD7WLrltLw","LNdmk-ZXmTE8a2xQGL3OeQ",5
"333","luFCF98HFezkMJB6p5114Q","uSM_sCp22BJWeatTDl6ODA",4
"334","9edAbpniyhHFdpAvknQPBg","uKB1eXRNNBq2w4-wUkusZA",3
"335","XftnZn78rNaUsCYwfG3WdA","ER0c0-cVKhW2O3sjUQawXg",4
"336","6K1JI4-28LRAoFQdttxZGw","ymDHWlqyOi0FgrSLo1jpkg",1
"337","J-urqhA-tYOqvwtxjkJfIA","bgxDswHIdFP0Go0pNfyAAw",4
"338","CD_6AQO8_eK1DWX6lr2Ifw","ugekAf0_3hreoD5VJQjkCg",4
"339","NYxgIlIOu_fF3ImrIDTdVw","oSMpVfjLeSDV2yZzNH0rKw",4
"340","PqEMzxn_7OHpqpwr0bXYkA","W-RJfufcf-GtIPrdyrJ6pQ",1
"341","ucn6yc_O-f_LylX49ra4aQ","qCmJ3StqvWuHEYhkwYZg_g",5
"342","xoO9ImC6s4CCRCAkO6QVgQ","VeiGa7h8p1I2yAIfgZjgtw",2
"343","dYacXVOf_xmD9mfkAdNusQ","PFppNi9rZWAw5f8e5J41MQ",4
"344","cSON4s3VHbHVmrpuoPNGPw","ToIFBIpViG_hVaLU0_bcsw",5
"345","DTAaH31Jceou5vToyr_P6A","dIBQNOxrRQ1r9Sct9Rx3HQ",4
"346","Mqt7A2tlZpRV5U3WBFvxpw","q2CDww5vB2ZvLg0fjEWrvQ",2
"347","YON23kRDPff-JCAmO1DE8w","JrGSfjRqAtIZjjwC3FFQ4w",1
"348","BXnoOlSuOWJkCJx-rTG5JQ","5ph4kLeJb9v5hl71SyVv8Q",4
"349","7D8Nkcb6ujJCGIBkQ93Nhw","TQZBxrbilZ5mrSn-y8A6Sg",4
"350","Wxd-EKF2Z4RHZUmwQ6Eeew","EUhH6r8AJz5XFLE-ZBrALg",3
"351","TOSjfLYhoqDZ5w4vsY4IFQ","o7BQ5ZQDWbplY1nKKl_FEg",3
"352","JOCgyXc4AZj_m7rSnkYPoQ","Swz0RJE9I77B-f75wHITbg",5
"353","Jaj-GH3e2-P6eIIFaVSIKQ","WcjveH0MyzqQC8lgKviSFQ",3
"354","6SK_vCkbIFC8xQ-vSSoK4A","_-AeUaBwErMAzg6drc--kA",3
"355","ihfAhKbsFxUnza0qVyMV6g","nDMnZFjvDqon5qKGMaHfVA",4
"356","GgMTZHd_OjJjkRLadli2RA","yoem-KW_Jln0LqsdLwLeUQ",4
"357","uK8w_LkfsNXKlBC1a_uhQA","sHykt7KYv3W-66t-IFp31g",2
"358","IOyvme2n-lPfBT2lyb_Lsg","VQZF4hu7faCkUaJ9RDRpeQ",5
"359","2feX-HoiFo0XAKemgKxlTw","PRL7_9l0Zu7w1CpQEj0iEw",5
"360","TylQg56zWmo_ECm8k0Gc3w","SvAoaPwH19EUu6fvy-sB6Q",3
"361","XexNr9d_1RHhAVef16XCGg","HmI9YqDIv9qF-4cUEZJDlg",4
"362","N3SLh3dm_u610Ab3rBkx9Q","G5JO2IlthrZ_SIxHTwGSvw",3
"363","EVplNLoSgEkKfk_2uoXDFQ","JT-A1F67iKRf5ifGL8ry6A",5
"364","jfkUCwQtS8fsWEIF_2pHjA","_U7dzehUGTLIcVjy3lxE9A",4
"365","15BKwnXn3VHHfbgU7eY5bw","lxHFVi4iZZRuNtbVW-ysQQ",5
"366","zkXV1iJWF3tiyTknBZV-jQ","j9tMEV719PzFcc_wp8mzlw",5
"367","cjVASegGv83TefjoYVl_Sw","mklo4H47YWK7f18YXTCEoA",5
"368","NOcbsiXZ22p2BgkYGyI1rQ","QHYqNQhQ8NVK0RX68Y4PuQ",3
"369","9gE3SbLNfL5z9qntDkhI8A","oIgx5AEdeBnsibH7GJc2fg",3
"370","j1TRhE9NObi6VTNfSntEGQ","UBYFFyRtAV9_-akBPjdoSw",3
"371","_nOx0vbex6-9h2BczfC31Q","tmU8GwNGVALizu1ZPlhDew",5
"372","1U9asD55YxdSXjgFfgeI4A","WGSy8QlY1vn5lpCNJTOLxA",4
"373","-QhZTZs26zG-OEmNqYmKNg","B0C8R0VWh_6HEzpLhKocGA",5
"374","PpNZuICTyx3DSH-v_zmbWw","39BMcwmw0mET_IUSdCWXcg",3
"375","2K_-DFpCQAJVrl-eO-zkVA","lLsG4YKZfM1c2QPKeZFvgQ",5
"376","3f6gq457QNGb5YYh7-oDaA","stBfsf8DYEfPmO_r_HVORw",5
"377","uq0ILmBm-vK3219Y7YwoFw","YsM1qDjivZvf-T7BUxS35A",1
"378","65eONemQftb3zNy4nBnIPw","C44mTlN9hDsy9CGlgRQ8sw",5
"379","kdqKDWoN-iD94uc0BhN5Ww","iY1sa6KDfSDg4yHwwGonrA",4
"380","FMqwuGmIyOZb05xFIIRlQQ","qB_Vt4AUbDX6r6qhS6gJ8g",5
"381","AfJHoiSUSsaDJWwzS1Xf-Q","V0wXUk8wxR9B5ie0cJJY0w",2
"382","QtmQYJvPUVL-ZoZRxQ0-Ww","3BG1niOE6fJiIIk1-04sjg",3
"383","LBc_Q1pu2fzad3dhyUN5FQ","VFslQjSgrw4Mu5_Q1xk1KQ",3
"384","dre0_67y2kTAPj-zTbxMcw","INaAXfbIXtXTB3sSDX8Wow",3
"385","dCehRsK_TxjZ3hHfwkVG2A","MzFhaFNbE03zF84BPkN7yQ",1
"386","04giHjWlPorAc_vvLPwj1A","7x0i0seshwLXBVAam16wuw",3
"387","b7eH1R1h6VK1P7BiLdDz7A","kCmS6hELe6qmXF_TF9fNDQ",5
"388","xUnO4XXw8lwxUcRDfailqA","mta3FuoNzjjGWQr9TCHGhA",5
"389","bsbGjW97h-C6xmAbUMVxEg","v13Ur9Yf2EhvGlvPAaFNeQ",5
"390","Lql1_3zeGlny_Tgq4MI6Fg","g6XZNMrtPG8mxpoFrL5b1w",4
"391","-ZIURK0xT_RYrg7MtcMpAA","WVt2GdaHqZNE5qUIJ7k3Eg",5
"392","chG2-PwDQ-fa8L5_Oo_yzA","njWdFy0dRpnp6yZC85OgKQ",1
"393","3E3IcagRof6k32exFQM8Iw","njngMI0mhAGJ-kH0oo68Ow",1
"394","y6v0WKg8pcQAYMjYJE1cxg","9ubh_q5RVOvHhRSZh5dB5A",2
"395","-GD8S1C6hhstvdogwdmRUg","O5AgO14O17ycrjtaZMUGTA",4
"396","f_0-VxRwK4LLjrX41wR8Sg","ZIwF2xWt1d2B3vjFk9XaNA",2
"397","6ttaufpyumK65NVaYfTTGw","S-Kez-jMkXSoOwwn1YOELg",4
"398","Zl1fJNTzNULZiqBRShxUYA","v4XQSiFL9QblKnLE4pJz6A",4
"399","K7zBDaUxOtTlOQ2RC89zuw","oOjuZqUGe_JZLrO0b4XTpA",3
"400","J0G7SAItOT4opuLSK2-tmw","XBPMMfMchDlxZG-qSsSdtw",2
"401","r7OeKz21oSud-q-OmfEmqA","3mJyi-U08lFS2ilXCqCQKg",4
"402","QoC4VJHHEVBOliuNwr3bYg","3jTHc3OEwM5GSfyXzeblFw",5
"403","qUbpYzbu6s7MJnetinSUPw","t_ybXkC1dG3jQkfnusyoNQ",5
"404","IL7s7BR8DuoOFwYYM6cZ7w","w55HWitt5aSAN77GtybZVw",4
"405","ZqOV5hO7AKBRonnZkYFw0Q","1c4j2NhUZsfA0gt6B6_cBA",4
"406","U4TUJ9EDiIkm1FvUjMdYjA","3FB30LGJfWUKxRqwXfq9UQ",5
"407","fZFFayyfNa3-B6WYy59cfw","rjKMT66kbHBYT7N0IBdSmw",4
"408","17dx_x9W_7QBT-3oiQQEQQ","JT-A1F67iKRf5ifGL8ry6A",2
"409","B9_M5qoWA5tHXQWHfoW0tg","QFJCpzOOEjZRRKLJwvSV4g",4
"410","PZR-d99E1nkvI5cHFmoBQA","VZpQcqoRapvmqcPkwImJhQ",5
"411","x0tq328SqeOtdMgofg_pqw","rQUlYwxTm_D4U1hvCSyWBw",2
"412","eLLhCrFkhKyJgvB8HCb3kg","VWQRiOMxmGiCbVnViwSMAA",4
"413","C-uqcbkiV5MJHSHpG_gBYA","gYbX_IfkzWme4ItyXb_lgw",3
"414","YZxZopC-X-fSONb3Dq2DUA","q33FT8iYvU2UUbJuiEQWUw",3
"415","63SQPROZ48xwGUb2LloFQA","h-pdNVQY1ekHoVtgJCxIkw",3
"416","p7Zp54sz-ErtTD9s7MBeOQ","piXuRfZ81xFGA64WFJrKkQ",5
"417","zTMW_H9Ei2SJyDOBhAjtjA","piXuRfZ81xFGA64WFJrKkQ",3
"418","K7zBDaUxOtTlOQ2RC89zuw","QabI5fOzoyFPd5LtWPlVBg",4
"419","3qRovLbdNAPbrRwL4I7MNA","Z9-qY3zLrN9J--JrIBo7Zw",4
"420","DPldvSGto59lJadlRxpmrw","bVt5eOVdpZzg83qlW9Rl2g",4
"421","dO7odQl3tWAZZMT_Wz_PVQ","1zIz2bfmX84YAYY6UTI0_w",2
"422","0uV3PQozi025ebb4SsRReA","Vlf3TF8ZDGp94VGI2OdyOw",1
"423","8jcpj_LBfziAQNkeiluBAA","G_xjBimSuQ73gEg1wYDacA",5
"424","MRK6-UX-534abjQkTRiKfg","1x3f4TCx7uvE-slRYJp6eQ",3
"425","ZEcQX-pVZUDPzMl0CKE1Vg","0LtFE_pQ9R0rXUknlnFGrw",2
"426","Go5XWjBmDMEjUXVQ4lP3gQ","LJuHxobQsa7lW0c1wttY2A",1
"427","6r8PWJHfxaOjI2tSdHAAoA","WW_fT_c7i68p-JAVaPF02w",5
"428","OyzlE56JLfzCnbcsgChxuw","jGHYiK17BNNQxBxMtIBbFQ",4
"429","Bk5YLSOEtJAPj7Y3yuRISQ","RCGryVRZqKvnDH4Yyhhe8w",5
"430","7B03X2Z3_zQdF-pXSCD0VQ","Ym45RegOmSidMgZsoMsL1Q",4
"431","ag5BGHnr5btZFsx6xLVPHQ","JLyP3zNKUb1VFD0MVj0ZxQ",5
"432","i-DWCn1Xk5-exHi0mBDO1g","5FioG81fXr7DKVqfzN8uyQ",4
"433","olFaoKB4saSQEzsrDQ54DA","0LtFE_pQ9R0rXUknlnFGrw",5
"434","d4YiMileURAU-Ulj5lQtIw","DzlCEhXW6OadK6ETcmJpwQ",5
"435","dY6GK465j-kLlrXalgdsNA","vC_6J_nGyf4J8xt-Vu6Shw",4
"436","W6iucVKJu4IS3DUXOjlJOg","QabI5fOzoyFPd5LtWPlVBg",5
"437","7e1YPY9kMFhVQXPpxPbDqg","dAEeQnQg_xGTyHmoSjzOnA",5
"438","UxDjy2VYUDGkDkOw9CsGFg","dCy1oVUMnoyNknh_Skxpug",2
"439","u_3sJ1M1qAOl-qb9XdIhVg","XIdmWw-OMx5nhpuTSdxYlQ",5
"440","6mgYTBGN1Ig2thDBCjmLwQ","yucUufmkmi1rEABqLQHNEw",2
"441","JeyxeyxPneAXb3MyrjYd4w","cpYFZgvJ77AfluGT6I65-Q",2
"442","6GRWtXzGla4B3b5Dz7RU-A","DduaYOg-hYThz871mDoVHQ",4
"443","WF0z15CqDsq_hqIDyNbPlg","94z1jW7rizqPBpAiDv6ToA",5
"444","LJoQpBliN0pgzzFFGKKOpQ","vC_6J_nGyf4J8xt-Vu6Shw",4
"445","P5krS3XyE_15OLBQg33Hog","HJM9WHIPTEb3AOqjniq7vQ",5
"446","ZhHAjcbQiGkDijjn4GPeuw","mdXLofB6aiAV7A1AH1WnQA",4
"447","tc14gpSLsBrh_f6XPWTPVQ","tbi7cnb_5ewdu-YS2atPnw",1
"448","H7ddwusNxX2cN906eBMKXA","G_VpU7J9do8ZRCLIblDBZA",1
"449","7fyAtRSYYqOKZPr39L2UYg","r7Ggh7ejuBWjT0TQPW-ypA",4
"450","cfVDBmjnlY2iJaBqz7D2Ng","AfJCoI9vYrj1lnhlNhZdfw",4
"451","cGdoH5BxbkNu0Xl2Wdzbtw","eq98ctJwdLggefOvlcnSfA",1
"452","07OV3818jUF-JjlNh063Fg","3QRRptCEfjUtnDnZ4jTzMA",5
"453","1hHt8oNhKLrDvqs6sUK3iw","0tgShy__3hFaMoAT0KJJ-A",4
"454","jDKrHv2KJu0hcuzOpC-zJw","c577WXP83PAcIyDiaCtrDQ",4
"455","aC0LVX6bihRTRnoNdjW-dw","meXU5mzbXhnpjFjEtEaoqg",1
"456","fa3P8dibTRU8QG-XwVMigw","D-4IWhpXVDVDBFn0TFJoKw",5
"457","EXYKJAELRnZ1-MB1Uqapcw","PFppNi9rZWAw5f8e5J41MQ",5
"458","AFrXzFwy-PtPsmTsECAJ5g","Bmvu1grPzxECp7dxm8zerA",5
"459","yaBIVHDxaUBN2YHQ8-YiuQ","1dhPgc7E7IzzpxjHM2LphQ",3
"460","EPPv-swAPJrQAp8YDnY8sg","51VOCZHznHW5U_nVmY8euw",4
"461","1rBkTgp9rBth9xUa_9FZzQ","5CGyxYZzCp7_IcJU8yCphA",2
"462","eTP0gU2YFy0BHSgEXhFRow","HMB84WmKjl8n_x12SbiayQ",4
"463","9Z_NUr1qfK6skxkVI_oCZQ","Bmvu1grPzxECp7dxm8zerA",3
"464","uR3t30bI-3SR1ZwjngUuKA","scun7XXs3zyXewDLyUDjXw",4
"465","gXZzBJeNO4vnlUIevAtPYw","zBsAe3jj1MgtRKdA1zIjtw",5
"466","ZXyhuQk29tymE0NwP_Tu4g","8BuQKohXzZGK5Bx1i9in1Q",5
"467","m_TtAjIeg6DS1ClS8WOciQ","WDxidvOxya-tGcJldNZElg",2
"468","sUyVdDThl1wQU2ynJBbf8Q","KVPUN4yU-2juc8Pc4sxKVQ",5
"469","6pryBgYDVCmp1JudhoKpmg","I_XeeXZTscqNFZaXwU9Nwg",4
"470","bM1jMFJp2T7RvVfVp4GmrQ","kkgAgHRZ4T7dEJDlNy2CYg",5
"471","BZh1vz7UtH39Vc4j1fOk_g","FJkcyU_jT5quVxT_YyxFOQ",4
"472","p2Q0jAkmb1EsDj0l1jcvfA","-YNES0U-xc2pNNqkQr2lQQ",4
"473","HIN_C_WPCM5DPrfWTTM6NQ","OgojYmoJK5YbgoMD0LC0tA",2
"474","js5lkzNQS3PbmyAqedY7-A","HPrVYd5pSvi6VNflYytvfg",5
"475","F36wFVC5rh6Hd7yEJ0GaMw","l6ZrDTwUHZebCG3C9Va3Dw",4
"476","OberW6P_lUSrt1jbNpLHvw","BPT-D30wcq-_SOU8pY6zTw",5
"477","Tvk5HuAzmYDJPN9d6fBiiA","bYVgIoLWn0Ya8-K4ERoI4Q",3
"478","sgow7MWcTzG-LAD-sLDeOQ","G3d-xJF_Rt-P_za2eZ1q-Q",5
"479","YP2-QGIiBtxh4CofrabjyA","O4Mlb_PfstWD00pZhnV9ew",4
"480","f8et5yQR4hAelEpM8upycg","qHmamQPCAKkia9X0uryA8g",5
"481","uWyt6lyUEjOW4QHhRNVD2A","VsfYRn8Zis256vX3MvOcaQ",5
"482","IUGn2SIY4Scq48ZUSdw1bA","3XwVZr6Jj2DnZ8B2W3RboQ",5
"483","WrtaJXXzXD9VICniti3Idw","SSmHkP0tZ4TKn_YUOEkVUg",4
"484","r9N_QNpZhyhEnWEjnjGbOQ","du9U4M5k9NSgipndIW8swg",5
"485","GbqmA7Ul-vrLg4jPVkYq-A","C_EtrXTygRX5RTUOKtO6Dg",5
"486","Nx1p26Da-Hb8V6pzHvNdRQ","UsrKX2305OkmeI7K7cizjA",5
"487","GxkY7BqazkQu6I9HBDpbqQ","PGUuVJEzM0H-ZMB6m1D6Ig",5
"488","JSQrvnnkcowbmViaVfpP0A","xDgb-HSWJ_2A23iADT9e1w",4
"489","LpnIbrtaWQ5hSU3TorJf0A","OpI_3VA-qbYfyyS8_a-w6g",4
"490","GxaESLC3XytPTTd3q-35Zw","y25g0m3iGR1Zq_n3T8kpzw",5
"491","_XYkuWDBGDIMllg8upIedw","6uc5h32bXZ7dQQ5xOeurnA",3
"492","EiwxlbR8fb68lMgEXhcWKA","JrGSfjRqAtIZjjwC3FFQ4w",5
"493","8iItb1oQeOeVkpJIa1oI0w","Phqwjk7x11WMAd-rVGbY0A",2
"494","Tu9Lg3EffIv4ozeNpTnzfQ","dR4dQCRZKPk7CQEZxGPSJQ",4
"495","q1zNlgZ60lXWKSWOVabpbA","j0C1t08TLW_iPPdC-8P_vQ",3
"496","6mWseDwSqMze0_v3WQ90uw","SLZ3FHy_GohsaPBDdFrjTQ",1
"497","2FhWE5-n7irkpV6CjxC4QQ","Rz_EYBuygGYz-xCRZ7042g",5
"498","KarQxHcQIYRE-faHewZmEQ","dDlFIDndjE1mRUIncFTDIQ",5
"499","gjh6da4yHahEpQ73O6DX_Q","piXuRfZ81xFGA64WFJrKkQ",5
"500","bWxxfPP08zWJuM5wKG0LvQ","XD5ybqI0BHcTj5cLQyIPLA",3
"501","rIG57O6245lYzYM_sg3glw","pzXYxXZP6Tx-fwQDY4TVuw",5
"502","s_6v7vSm2Xab9LIxhYLkbA","W1nyBX4s8hdzHtSqxSjDrg",5
"503","8fi4Ks06EkwcJQMG1Ic54Q","8ju300tn3uzUvIPIvmkRWA",4
"504","uzlr7fcYUPHUiVbAuzANqA","WGSy8QlY1vn5lpCNJTOLxA",3
"505","3JTIbGohrt8kNAAuyqfpOQ","bul_5Ahk_QYLUAJ4Od27jg",4
"506","Wpnxvk84he10ZA44SUCa5w","VeiGa7h8p1I2yAIfgZjgtw",4
"507","XtbFxuo6q3tAxTBQy59rKw","58cDJU4cub1o0o0B4h9GrA",4
"508","upWVuN-1m0X1OCe67k5aZA","v13Ur9Yf2EhvGlvPAaFNeQ",4
"509","teZg4dXkYjHMOuopVapKZw","SKf5E1YlR-0P0KDkplnQkQ",5
"510","0tgo2p4LXTevYwHuKAUf9Q","oEO6MBB4wcW0HQG6DcP6cA",5
"511","KOM4xJ6aWLDHuTAPFpHQNA","7ZiKL8jps-9Xiu3LeVPGFQ",4
"512","vKE1-omHGcAhoKUzov043g","2zHPIfZF3-oiPpfaFLwo_Q",4
"513","skeb-sQrhW3cNnJwhjrzXA","2faHaK3FPhfzFvJZ5i3U9w",5
"514","CniSYmDl76wX6TvwaVvnXw","mCOvYk2ujwvpqDdRKXADjQ",3
"515","Rn0jpfoxHL6GjcxFOqmdFA","rprCkl8bCe_rA9Yj92hHOQ",2
"516","Q9fKik8iIGYf6w4tolHcCg","1c4j2NhUZsfA0gt6B6_cBA",1
"517","SNvW2llJDbr4jBGUd3jqYg","m_g1SSCAah3ThdnQD51nmA",2
"518","bmVEmBP1waM1D_hTLtA_Zw","rjKMT66kbHBYT7N0IBdSmw",1
"519","WCV6mC4fMiZUxxrdIKFBkg","JrGSfjRqAtIZjjwC3FFQ4w",4
"520","CESIxRplQxxE0ruEXrrVSg","rprCkl8bCe_rA9Yj92hHOQ",4
"521","_4zEfIaaPElIci8KhiEi7g","uj8u2FWO9JQ5z2ouYADWZA",3
"522","AmWBYdyXJRxPKKW6HMhRrQ","MnUSRIJI4eoevIu8QXfWnA",3
"523","NccSi6gWF5oIx5yNmy6BXg","6otX06BtZ5uOvTM7_VjF3A",5
"524","3PIvVhFLyDowJ34bw9924A","vT5CM09-BiWPNdhX13Wnlw",5
"525","C7YQVhfLof44iAktffWO-A","v4XQSiFL9QblKnLE4pJz6A",3
"526","tpEWW4usnsOAMlkh1akxcA","pZnk9tKEHrEIHq0NfSzXRA",5
"527","1tuBlHeQd8wPa2ksji69Fg","3ObFdIz5ZQA2E_flzVYDgw",5
"528","nRu3-8nwqOjNZJfYQHOZBg","uKB1eXRNNBq2w4-wUkusZA",3
"529","mSGo1jf-cyn170hNlsbmqw","HMQ_PUJR6y01NOoS2_vJdA",4
"530","4m9NXICYBC5i9t4aTt-I6w","vg55SAkrEmuHpWfIMtJjBQ",4
"531","nu-tzW51FXCnnPk5BoPL-w","UsrKX2305OkmeI7K7cizjA",3
"532","rStrYkNcaqbIOB7wcMmzhQ","BiZAzf2SAFCE0gJrX-PGFw",5
"533","xzuDtdGDHHBNbdgWAGkCgA","Xy0XjAKa85ZqtlJCudP_5g",2
"534","X_DkwPTzdO_VWzUcbUXREg","CEYe2iZoOdsInxU9Mlbjcw",4
"535","1Z4q8zpCRuGZ0S7qmTcvQw","szmLFKB_wzz3Fb4Tqg3r7g",3
"536","rFGL5EgwwNDb4fiNFYs_Xg","8fDhtPpDAnFN44LVUIe3qQ",5
"537","DZO2lmlHi41X19g9U44I1w","2HbFfXouEiPG1U-5Z7zoNA",4
"538","GdmJInilh9WAqAISitNGRw","kVTHnhgYUw-Pmr7wgDB4_g",4
"539","aSFRvtC6P5qpT2EitCy2Fw","7Mz16NdLKIQgt6uDO97mqg",4
"540","Np3pbOzPM7W1gjYxhhsuyA","Dh3X5NuzAcFZSSl72a5lWg",4
"541","KhCN8Ehqx8IfPezcwqA0SA","n9GCtjLzN9D2rL79KCljOA",3
"542","hYEpH_SDtsY2UdI_EFgFAg","vqQ_nyjIyLzoO9c6yiw9mg",4
"543","PJeBRYk-AXFcQf6n5L2ArQ","5QdthqKZ3K7V1cCbj5_3vQ",3
"544","NcXRE70N32aX6dihgufNzQ","CxQ1m2iY4wQpXC64tSfWgQ",5
"545","zBfW5eMFXZRGJHc2xytEsQ","JL00xfHcZYXXKE0uvVAclA",5
"546","zesQ28ZSEF0P6vueSne0gg","9uVFews5pR3nWI7shkhozA",4
"547","0Lj2fJC4mcn2Rup0pUwBGg","93mNbUGgun7XN7BY8ftBpQ",3
"548","ZuFX9HNfCOECGjlve9mgdw","ddMVvuSQ6zqzpzVql-pa4A",2
"549","KO103jO1udn2h4U50Mo95g","eAGvvpsMsf6TRlR3aKmngQ",5
"550","iJMDvVg6Mgl43is4XxIKsA","MGOt6JSu0NPI-DKhWRTTeA",3
"551","F6glGg2elw1dN1JJzf-sPg","3gVSrS4kffGGZT8oXHsIcw",5
"552","Fh6-DbRXKI4G0OFiYrz4Ig","6XYElEErVbR1A_iAwWHQxQ",4
"553","jFMpqoGahnFtmARIpwZhEQ","fsqtrHKBUeucacxeX9FPaA",3
"554","Kz0D3mv2hsAnk7W-BYG-0w","U3s6Y7eDa5VH1_rW5AJC8g",4
"555","hQ0aQ-EdeshMwkhXKPlK5w","j9tMEV719PzFcc_wp8mzlw",4
"556","HznGpj0LkkmeldUDsbn7xQ","4lkx2UdISL1-2hfcTYI0lg",4
"557","hLwJdDj3J47aZ_0TBfBRVA","6Ax2uEsGQCE-2Oxqoe8BWQ",3
"558","PdpWp_j67Nfr_oQF-4yKUw","_kukye9j79yaTjjedDwrcQ",3
"559","gVIP8yFneCtxf_6cyih_UA","-93uBoiVyQ2ZPABERT621w",4
"560","Fr6nMhzpaaicLsx_ZBczgg","rEM_hLSzT6Q_xnJ0yRoxag",5
"561","Qh5E1wfgML1e3S0LlJcKBQ","uKB1eXRNNBq2w4-wUkusZA",3
"562","dvRDL5HPqozUnjLCswjSBg","pO_u8GCRzOG-gu0ARMzIPA",3
"563","-Vu7L3U7-kxDyY1VHxw3zw","9mxf1225T9KghuQueNvWVw",1
"564","poqdCeijsMRECEamzb5oGQ","PGCmPHJdeAREQKYbhBMA5w",1
"565","YK-PDYujEvCpI2u7Q6ADvQ","ZQBYkYDpsv04OulGJ7qypQ",2
"566","56vERWd2VPTfjytCQlSc6g","JtDX5AIQEByxVdzO3lClDg",1
"567","m-AqgvPMYqlwgZoISndVxQ","Kq6uUzRw-iaqe4p7cLLmBQ",4
"568","dBCYL5uirjl4GLNJekqAkA","wC3AJXUFhJMtE7w_p87H1Q",1
"569","XKvbfNylF6Yq8hpwqaZrhA","fBPePXXKxYMwb1x7QHUZVw",2
"570","iK06mZZw_YHXt9ph92OLvA","epTndncA37O9e28RshIU4A",3
"571","XrRbDfhofoq-Cys6oKXdJw","tWN6-1uF7HI4jOBrkD42AA",4
"572","-agihb0a-Ni-OyWuk-4COQ","pvlM--HZY1a8SqMXiwEz1A",4
"573","4MhLcXOiANA5e6aDs3kcBA","3QPVdctMl7-kSJJ67zRAaw",4
"574","G8awp6mo4GGVz0y4iO7h4w","qB_Vt4AUbDX6r6qhS6gJ8g",2
"575","heHeF7o8miT67degvyzpYQ","dM7aCIJT_cWH3BNgMi9dNw",3
"576","-OHvWj1nijxo5z4N_-PlPw","NEVA0IYbawceL6kz5v5DAw",3
"577","CjzLyjVjCCf1XUCkh9DuCQ","Wxx427QN8J7J03_T2EugaA",5
"578","lrvuNq7_uxhd3FFU-UuRpA","asi_deqD-2srzsifoG9x8Q",4
"579","bz0xAlSdoETOIn5ubB3qGg","URAVn-03nM58of8xIj3VhQ",2
"580","020CsaN6YUBmQu7eWx-gjw","hGqMLoA1P7INNS9z-yvXSg",4
"581","rrHqnO9frE_xjHK9gaiz0w","k5Pv_-rWoBpdmNlBtybzzQ",5
"582","jjuZcIb9uK_OqSeuB6oj0w","T6y0fHkARCqE-8CMs5qHFQ",5
"583","InF1h_4LvMc9hwRUMDm5QA","bLRet5wIxuGym7AXtIHdHg",3
"584","8FsBrVA9JkD0Z35J4lFfYQ","4qTAwAN1vxszH-Lr4mnRKA",2
"585","v4uQQem0Kyd7Exgbvf7QwA","pvDeQWBMRharchOi7wi7XA",1
"586","Ge6_umQyiDJCHxDm108uPA","NPfFfZtAaYobgRa55B8Aww",1
"587","P3usQcIegPCl-cdH4IDirg","JtDX5AIQEByxVdzO3lClDg",1
"588","JSn-KHPiIcYhNLfRXetJgQ","qylEvwzt5M_p7QTveZlEvQ",4
"589","VuK9XwHrvWAQpYeuGfA1dQ","BvqXdJ4iadG5BfMWExX5dw",4
"590","OEWEUkOM1wAy_lVRBo6cPg","VhpRKw2w_x3foU0x2k5EFw",4
"591","ePilZ3GMYOIVzE-LCriU7A","HrED44acwUngPkOWS0GUZg",3
"592","CRsEg698EdY2FrPJq9o28g","4NtLqqnDPJjeCbrys1zpdw",4
"593","jBfYJzsFEOk3zvOPxn0Kuw","Fla_8ZJSGo6RlXLYw8YB9A",5
"594","8o-P54348nQR_9PgyMM1tA","GqFwgMpqggQgYTco0AbEAg",4
"595","j2Ljl1YZRNwqz6Yy6R0fEQ","Rl0dMcfaENrYgm5C-0YkFw",5
"596","3k3hFdi0DqlGMSJ4Fmxknw","BJsVuk2sK7bE7vqCVxLgKQ",4
"597","_dC3wEoq02Op4lCyzYXSZg","qXRPnA5d8Neu2fVXYfQWLQ",3
"598","FUHY9z0mX8sleBssRFGRuA","18xZwAzzShCRW_d8ZPpV5w",5
"599","Lr3Nlbzp3b31KooZPvrrdQ","Fla_8ZJSGo6RlXLYw8YB9A",2
"600","X7ANO3gn4xGz-a6h3pkhTQ","gaFdudyUxO3Y9wkpwLRueg",5
"601","AyIZYIwdwUQnQiObL75d0Q","fdBaf_H31MY4nA4Yuw6MfQ",5
"602","ux8oH7TvcbSUGdrbC5c8tA","F6Qsav77WqGhstQ1E2xRGQ",4
"603","K95_9XCj7DkoO5TAqALAIg","5wCrlH4DKc6SAElil7aD6Q",1
"604","sBTQktESkipIAs10CZpLsg","2ET2Kc70sX8Sr3DdDT2k6A",5
"605","klGc7-LiBid6HH7OCav6xw","xsciMH9Wvl6o3sUdCsz8gw",4
"606","nCq8unHZYB2vyjnQRmaFvA","CVIXJlbQsikFI9XeElGe1g",2
"607","ve69IVkTp-FH-exBuOgLaQ","V7z-P1aqxkHTcKAsWA603A",3
"608","8hH4a9oEzbc7MkKiRqQV8Q","JdgB2EqwAxxuHOChlf5Ncw",3
"609","QWQkFmvB1tALcmMmaYkXsw","_--ScmaNumIoT2gQanACvg",4
"610","MiVbX_P7Oy0wqxtgRYLccg","v2oxMmRA3SEr9l4aQvmEMw",5
"611","Cz_qe1HSt_8SX_GLeQf1Qw","rPT6ak3-KvOJTxnIzYNH0w",3
"612","0PXHB7JPQamGjTNZP1LfOw","2DEz094o_CZQo2m_rQSoqw",4
"613","ea3HFxRRo4gZOmlDle8IPA","Cdf50a8hswxqOa-5vAoEsg",5
"614","gq4n4NbLTL4kb-zKtsbjhQ","6E4qfgHlGwm7eDQOtlcxaQ",5
"615","b-cJUoXWBUJnZ9LSpojvHg","qG4njyS8j8an-alwNFflMw",2
"616","nY_hgx4NyQbYlkBVA3ymCQ","Hx-H-CK89WF5pQDwesbVqw",1
"617","8RcEwGrFIgkt9WQ35E6SnQ","UC8bJuWFKr8olEw02GxePg",1
"618","UwRDPgZ4I8IRD4Tmlg7_7w","TPPk2Ii3rMcBN7qylcq9gw",4
"619","bgmVgGxKqhWei48Iq71O9A","lIPv3-ocdPvkiiE6JaQi9w",3
"620","M1CoMdlEFktYLIXBTXWzsA","9ooIYTTtz7AqG-RXsGVlzA",4
"621","DOj9NanlJP3xntULCy5Uow","rJGFSq4WhVZKpOChogMhFw",2
"622","EivFmjnNzOwNjboHcLgjBw","Zqd_DHAtrdzRJ8u3zwrvEA",5
"623","Zb-dZ3FOL_MzcXFsLtMTZA","cg86rnEnysZ2lBfE9RIdOA",3
"624","YLQbiqEm64_kCGHrpPQqbw","qFfO4D-BwkU3bsfIbMIbpw",2
"625","X8sgCwr1xIkmTItsxYrsyw","Xq-8-I0U8Artr7d70SjX-g",2
"626","-iLH3Q2Wg4AMrNUXcgvliA","zYAjbzw1ODIWERrf6_WOVw",3
"627","yq68zBKg2U_8ltQr88TCgg","4Bh6-piI3tqORZE1JX50YQ",4
"628","ANCoSWELhbCcRuplGC4IMw","MeSeqjo33YKxfqY1oKxOSg",3
"629","gPK2AKr-UA_7hZus80SSng","fQ8c9S6jitKS5RT6S-ziGA",5
"630","J4kHTPH6jqQsCDQwIvnL2A","3TEdx5lOu6f1rVLVJSpxgw",2
"631","zaNUeZZ-Xm21o3fZ0CUbXA","nF5TXLMmC6IJgQxE9CEZPw",4
"632","6Dp5uOQAQbOJQ04uSzOpnA","z3wOFveqCg61_l5M_i-ZYg",4
"633","AnzenjirF0QVFT97mqAPBw","LdfOPA0n7_KgeckwP3mEXA",4
"634","R8er8rmP91w9ydgBvYkzjQ","HffgoaAdup4MuPjqGZbycg",2
"635","TbvONIp_LoGCvXfw-ZtW8g","U7UVERrPVvLJ8HN6TI92DQ",4
"636","KXUDVQBOhPk3T3trozwEeg","ZiLOXVloAOtr9_cpQTpr8g",2
"637","II3QM_jnpgbyL8XAm5bZdA","MeSeqjo33YKxfqY1oKxOSg",5
"638","5Xj0_M6UL8jbsMfLNf7TYg","LuEz52xHIPC8X1EV0B0m_A",1
"639","ruqSIDDUCGA0_I5NIisLiw","Xrd1vwESRmQb1QqNYRrv8A",1
"640","A9V6zmZVX6i6A-qh6meuxw","f5VKr38kHZnUfedd2UYEXg",4
"641","Bx6w_ASEcDa5zRnqYJNQ-w","O04KfafsuYLT8erKjN_nBw",2
"642","d01SZKYmReEar7varZB0HQ","8W76AO7Bbn_IodoZrCoLag",4
"643","hM33I-JwoEGbmYE0GHjASw","WPeqboPEEcNzj6lnqaVTRw",4
"644","2-O04GDfIzk_5RddX92_VQ","5ZU89ikfTJ3CJBh0Zgb9Xw",5
"645","fSZqVWr0uR-nOPc2XZRW1Q","eCjyvPJuS8-0Vzad8XuWcQ",3
"646","U-ZyApD74vkqtaysA9lYnA","DGE4jkh8EIqiOJ3UyVLb4Q",4
"647","rj4AXTFRsMh6k7Qz-uZaIA","K5NSGMNeo8gFiu6XoAMjIQ",5
"648","r3efcEywbG9WPorAtNx2Ug","oSMpVfjLeSDV2yZzNH0rKw",4
"649","KGcBZOY_d7DyHLtSIdyNpQ","Ugm1SowBaUq-M6nfg2LlRw",5
"650","_3GCKOOzJ1gp6-t2EHkVLg","ynhSJscAI1aumkgEBUsO4A",5
"651","pO9KM7mJn4v1mryc3eMwkA","EOoj2h1Brzk1AhqScvIHDA",4
"652","CO2QxY5DxMx3_GQCf7iupA","rIqkOMxkeoqvUzl909gNmQ",3
"653","R74d3XBeNKiPfmTSAKhibA","urcknOUG1FqK0QaNxVVQSA",5
"654","GjRjAbeLm8FWFtZqoX6-fg","2XudekgyIeqnqLCgxxG97A",3
"655","3tOdDlyOleC7AadM0yYuQA","06eY-W4sjDQjhVDjnhJi4Q",3
"656","FahWtT9irtZCRH792e-vfg","qf6pQEgVIAL1vYu9W9Gy8A",5
"657","IeVw3u4edpE2pNpFk48EJw","U10a1VemlAM_apnso5WWnw",5
"658","wC3wpcNPx5zUnn1Vc76LkQ","3grMlZ4eThVAm-chbFr3gg",3
"659","mKhdfiq4rSOV0Z14JWDqEg","xCvsk3f7C70dNEsFyrm99A",4
"660","SEqpoKcTasAYTrL4q_5MBg","DfrvJL-6H5i1nsyL6H6VGg",5
"661","aOKFxiYcOFFn9Tox3sc-4Q","MApTrkJdMvtJB59DqzLUGQ",4
"662","cvVWP3SUWBiYN-R_GFzAHg","_CM6h878E6KROsy30kRXfA",3
"663","9U1ys1mqHAwyz-hqhvxwSg","KAREHbwLEvtx1WrKchCf8Q",5
"664","w4mZKQotUfx7hQE7ZytUDA","G4K5wXUe3aZ387yS1Gju7A",3
"665","6ZVMibnZK2IQyQG9L8jPIg","P-2zSdHB1rudqS5oGNIlqg",5
"666","p-2tjwAQ_8pB5r552gQNFQ","begeeyGxPg1Jv8vooAWVTA",2
"667","pa86Mfdc8SEmFJavReMDaA","piXuRfZ81xFGA64WFJrKkQ",5
"668","C5S6Wwr6XhBC88wKR0NjKg","UwiuZIwBS9V-81VkCu0iAQ",2
"669","VKNIr0wf6u5526MjlE99tw","6CNJqhDGI59hRRbVDkzGuw",5
"670","NtU6-KZ5gjOCYaOcJL1peg","cKU-vVsl7f1bKA1T44HlBw",4
"671","iQd-YQtHh0iNvQLP1xdIYg","BKlN_RDN6vzQQ_bg4n4R6Q",3
"672","myb6NmNS5cryM6J244p4lQ","mYBlRaGxCR-lHDQEXg7muw",4
"673","uvWBd1022bQfqjXAEPbHJQ","5N_gm8wchfQmDvQFNeAtCA",4
"674","x8P7kZucDtWY2iJRXX-nWw","1EgUPeubOdS8-1xhhQW2Cw",5
"675","nc-x8eRIl3Ax-GbHI12MZg","yHlE0qQIc6pVdto-nMhupw",4
"676","HCoLs4XL8FKIUkQuujoatQ","nqyUgnc_8HsYJXadopjQCg",1
"677","z4JUnE7nb8k4SP3F3tGpgw","g6Im379U_blCvCHz9pU0lA",4
"678","ixwvtqVgvoC15b2ECndaFw","piXuRfZ81xFGA64WFJrKkQ",5
"679","Yximlvn0cfb3yVDaLuXDxw","miMx3VNOW8qPJC5wEGaIOw",4
"680","FFXztpV6Qw5WjKHfyo0VxA","DCk27lbp82tOEPSNCvF4lQ",2
"681","6ymH4WgJJ6m6ynsKirm-ow","T6qjr_kZSH8GECSoMbx8sQ",3
"682","jG9l60uTh4M9qZw_FpbH2w","1EdWZWebate-u52mEhb2jw",4
"683","Xq4F6XlABCRO8gBpcJVjPQ","8polKN4I6fJx1t8pPxogVw",4
"684","0Dzj5v4aAYSnN7RyPR7BRw","F-CnLwWvidsZqR9pLUrcBw",5
"685","bv2Q8Y6WdfUpX3sDHyTq9A","QFcp5kT7eHtbLxRiwiekiA",3
"686","pmcTfz1Qh-3TiiwRkSkWHg","eYIuAjNXVkDriaVZLO5pMg",3
"687","iQbqQwF6ttvdMbpbqEGIaQ","muiocC26CyttXAalS23cuQ",4
"688","7qPVuHL3_-laszGGiRk6AA","iQ3fajcAmbQrwPfg-AoJTA",2
"689","k-PdDyHQ5fIVrBay-hFIJQ","0A3irNk0Kb3vQasADoQCHw",5
"690","WN_EoPVJkB61qrNLcZmaWA","RDa29pAaWeZjA9MvAry7Gw",3
"691","uBgfJ1yrrQ20EwwTvbwBCw","QaTdFL0J-AGfNkbilyO9nw",5
"692","CkoZyqKXJV7LA36IS9cSdw","81IjU5L-t-QQwsE38C63hQ",4
"693","48y33qxhkx192P1LiXrUdw","jm0Smx_0_T_VZ1QJQAg7WQ",4
"694","3X1jq9bEOppZi91ti21_Xw","PUK0RoIvq8pgi38FSCg7cQ",5
"695","6FxdwIeFHTCezTE7tu3GVA","rVf3Kt2QpqqtaluReavP3g",4
"696","0Yuq0O5zDsTytb0KhTTJKQ","mSAL-4l_o4YU8WpIrc6veQ",5
"697","Ve0z84iZ-lZYkxG4KnhxJQ","0PVxodALQu-soL5J8bjerQ",2
"698","uc3dt0mxsebnUYA_RIrNwQ","GaTccmN78DL8hv2FRzHBVA",3
"699","pFRE2mNCQvx9DUU542c6Dw","8d30a9Af9XJ8c8TafRDcfA",4
"700","PQZ92eE6FFQlKfoxS4AESg","vP-LK8ta1SkcQ-vPEPy4cQ",3
"701","JTZhyCNug0mLFg8l4Y_kyQ","F6Qsav77WqGhstQ1E2xRGQ",4
"702","rVrsWTJHyUeNOwHmozpGkQ","CLfX-_6CngIOjJslhNkTCA",5
"703","Vqv5rH2uXxm9tvb2wpa88Q","1CBs84C-a-cuA3vncXVSAw",3
"704","wG5wIr8dpeIkTxTQm1vwTA","YeRXjIzxc9FaK6uyrTBvkQ",3
"705","W7E9pyYWG-bYIKUwUaVQ0A","xULATz2siGXOPia614mg2A",2
"706","jdMiLnfC5cDR_PDObmecog","0Z2RFiSWwHIANWOR_jorrg",4
"707","vxxEifmvWBDEbtyu3Flmfg","UcbggUjIGBNBK55TMtObLg",4
"708","szNRP1PnxbNxnS1v9wen8Q","_9ZZv5V-uM5BXx3P-HslIw",5
"709","V361ick9EjgzkP1u6W_1wQ","CDm96_A5GagulRKa5zadfQ",5
"710","OfVqBLeZSPD7smunA19_Fg","FJlMfEtr7E-uTzUxspuzIg",5
"711","MzScNX3oh2ur2iq46JM6IA","C44mTlN9hDsy9CGlgRQ8sw",5
"712","Tu7EaPQ5g-2xH3Rv-rrixQ","piXuRfZ81xFGA64WFJrKkQ",5
"713","w6n8UpwOuN9Ef-1lRmveIQ","DzlCEhXW6OadK6ETcmJpwQ",4
"714","DBtpkKT4ZFM-AH4gaKlviw","oAitebJFkMjRvfEkXb0j3g",1
"715","VNR_HUXMLg4Eh2Rkg0HhXw","miMx3VNOW8qPJC5wEGaIOw",4
"716","w16f-hlgSxdtiN3Ca_x8gg","KcYBYtJvlKiRBZmOcdUttg",5
"717","HkYIeuTYXTHS0VuwZhx56Q","NGyFcZHghu1uJ0G-pXJxoQ",4
"718","IjgzF9swWThw46rz-Fx0bw","2_u1MYw34yj_woFHk8DxAA",1
"719","lPKPWXHgJSl1z8mAKVOlNQ","TPLMiHbDOnb30XEGOyrOTA",1
"720","zoi6bDb_GaLHahFdX2oydA","yS-I_9pdWfR1z07i9VKlhg",4
"721","Cz_qe1HSt_8SX_GLeQf1Qw","bKiYncygmFqKC27CZe81TA",4
"722","n8o_DPqslGUHLNoCV4TVhQ","4NtLqqnDPJjeCbrys1zpdw",5
"723","Jc_3zCBG5_uLHuDrS1T6-A","WgZfIyGZTEB6086UtzEF6w",5
"724","R1dJHOP6FpwbJxaM6KBUbA","Rt2qEtu_LdhuVb-SqXjl_w",5
"725","LwCNLQxFa9pOlcbEO5pquA","y85HpSC67ho4FqoVkl-3dg",3
"726","OV6JZ1M5ov65F8PWQzhG-Q","SfWZsocz-eqeYO1YOvkPiw",5
"727","EWTQJpU14PB7cdxThuVNtA","YEUgaDmoKvYQynNgVGenbw",1
"728","09SPcYDeQST_xt0EDz2OQw","GKMydEdaiww2coboFDEQCg",5
"729","iWRnUUqWwvGtFNZ_JAPjRQ","vftqoXkggSzVxwoRU3kgqg",5
"730","gptvsX-zfC2xLCBqVrY--Q","wb3iHGk2gqMsK7pH017pCw",4
"731","xNuunm-8T2F513gkU2iA3A","_PvljXZHQlUmL8SuOXF8ug",2
"732","F9H0ktAWcaM072Z31iIR6w","XHobfr8WLP3W-LnjJAbHmg",3
"733","vuQOJ25dPjdcXBaFXxugCw","oXNxNP6PYopdPQD2fstVpQ",4
"734","RwY9SaAECtQ8Ylb2teuJvg","hzSyQBWeoX94WOpUtxuWVg",2
"735","lCXKbSVJYJpUVpZlG4FZIg","s_TqvH0o3AQCOgTdp2rSmQ",1
"736","0ZAobfCG-FAZqCWK8ZeEwA","Tcwh7WEtKxodpYQeM26xdA",5
"737","wmvwMqqZinSMCKNwZRu6Zw","mdXLofB6aiAV7A1AH1WnQA",2
"738","7dVvbkJVUHc1oAmCu27CzQ","VeiGa7h8p1I2yAIfgZjgtw",3
"739","X_xeaurN1eRStZaAJA4wzA","Cdf50a8hswxqOa-5vAoEsg",2
"740","fM6oyyx4p3YqW2KzToQK_A","BiZAzf2SAFCE0gJrX-PGFw",5
"741","Kfs0EVm_YjfkpG0LZNZm7g","roEQNfyPi3jRv3WFFr-f_g",3
"742","jOZU63R5yDLPj3VwSwjJiQ","5-JSDAzqCw6FdmeThPOCeQ",5
"743","3I-gaE0r2cjXWDSUiZnZ6w","ENnDhzCh-nSqUqRyLPsgEQ",5
"744","ojm14lh_LrlO_-XXHbu7AQ","GjF9aSQzK1k_1nQfjCkb9w",5
"745","D1b70rBFyCEl45TlAv8w4w","vtPqTsDEAFkX1G2r2AMo2A",5
"746","XkdIYdBV5hosuVLBIpwSUg","iZYDZvXoIT648EZOnEP0pQ",4
"747","8dp7w_C4v6az5D0UiM6QUQ","o3QrVPez9nt1Fod2pQ3XXw",3
"748","uWyt6lyUEjOW4QHhRNVD2A","jkwTVzypV1URwFUaN71wYw",3
"749","cC6eh754F2RWvP2Bc27-ow","f4nLS9TGGmcK-E6iAIovjQ",1
"750","rS0kFBsdwIN3WGu_ggLWkw","hTp23z3Q5PCvuGvKTIQtXw",2
"751","6mMk9hO_RAbdGMEGeg3oWQ","DOeyLO90LxcnAjZxK-s9HA",3
"752","EivFmjnNzOwNjboHcLgjBw","2PWmnUV2Leb2Loj0TqxCMA",3
"753","BXvtJCqm8DNNCl3s2dSD0Q","Dh3X5NuzAcFZSSl72a5lWg",4
"754","7s6uNJTq8ZQNM_UU8ds6rg","dQuDuXxmiO0ZjyZ3i-bcAA",4
"755","Ej04WqamNF3KlGqMXubGDA","txH67ORSC9m_3F_ZVqoXwg",3
"756","eMAmkqtFhhqkzTWKcsARSw","DLaAK2VYMGd-vodPtp7aoA",3
"757","ci4taLhLS8MWUNaBFmItZA","TyDle42ASOpi5Z7Sc3l28g",1
"758","cCqhFQsFsQpZ9iOD7Lgh-g","2NLeqV_MBkb2pkxrFnUWVA",4
"759","mNfH4tkmDUk1qeFO6_q3EQ","U7UVERrPVvLJ8HN6TI92DQ",3
"760","vOrkymePR4_6bVap-TiCSA","Ckjlcv3mOPnCosSEPb4tmg",5
"761","LVhWEqGNnk8VQI1hw_zV0A","ICoLhQP3bryEmiYeUNu51g",1
"762","Mr56vFN9XCCxKQCt1B9jzQ","BgmB-pf10Y2earHyxL37PQ",4
"763","6xb6qmlxtt1NhdD2cVYUuQ","XjC5H-uKRrsctioXxuCMQQ",3
"764","xlnLP-_5-J5ZgabCrSuIIg","lj0Lt34ugEsfDmWZEU0mGA",5
"765","6sHHi4wZAfwvF1BFH5HK4A","kOqVXdqRzWIEK7XiQWxmJQ",5
"766","olPP5mdKyBAInh_xps7jVQ","6nOxwnuN0ZwLX3h3JYSJnA",3
"767","rGUit1FuTERvGK93fg-ysA","RkYCZKSJ7Qhw7c7ognlm3A",4
"768","vgvyGjLUhxQTlAMG4xaVaw","P_7A5Ztw4Pwizpdqfx-G-Q",3
"769","MN3zigzaaYzP2sDJBnLbMA","736PTtBYadJWFXVAa1V5-Q",2
"770","5QVSMS-vV4jOgDLLPV75Mw","xD8yBdisKKK9r4PFO7x6Mw",2
"771","C3aWYjdI3xZIaFOuswnu6A","0JeXmrEdTrPaOsoj2axTQg",2
"772","tMlw92f9-VaULOXSIaQQjQ","aEhrDSlHNgfILuF9kSuX5g",5
"773","6HYmy9AWEdp-rfTtCKZUVw","d1PfS_bozULtBY4PjF3D-w",4
"774","jb7SqBl4AL-mblWzP39nPg","pktnBybD-AvEFXYMk2-5Mg",5
"775","TOF_gz_eHBIj36SmFIDYeg","uNoEkI81MGFJfkld_6taxQ",5
"776","hqojrGeufv6qYpN00R-OsA","8lLs3dsSN-Am2_EtNfbXqA",4
"777","b9c_as6hP2ss9BmSkXlwVw","qSUUWwIqtmX1S73ZZ0gnZw",5
"778","8zsD9N1ti4Skl_DVS4MKRA","6ewV-e7-39oqYUq3yZuIyw",4
"779","w4xul4H66RB3zXnn9i3FzA","-9Iv5YByfejRnRkfzKXwQg",5
"780","MNCE_En9MFToGm4mYF-gTA","e57HVMhbHJ37nQ363YAaYw",1
"781","HkcTalrW15zGuS0u6pusyQ","JLyP3zNKUb1VFD0MVj0ZxQ",5
"782","PpjOsmH1t9j09wCTXHU9WQ","UFqSUXGBGhJKnz7V-3sFAQ",1
"783","2dA5OFcyAzHZXpV69jC2Bw","wlbTsPLxHom0lYdROsngsA",4
"784","xyo9IVhY_iumN_YONwTgVQ","vLxpEHKZFzv8LYY5eeGjTg",5
"785","tkb7Z8mfj-BUDsGETdPlgw","LJVs2XUH48BvHNJyguukGQ",5
"786","QwXpGYoZ4eUE4Bp_sQWj2Q","VeiGa7h8p1I2yAIfgZjgtw",3
"787","5vPOr0C9fystHU2juXKqEA","t8a4adsbWLbW-BZMFJ9_cw",2
"788","yj_Foz5GlXNoAyeHndr1cw","YNl2JK7qqYyHqKc4bbKivg",5
"789","ONh53-aTlq4gEHMY8maHgA","ILLYK1PwY2F5c__Dhycopw",5
"790","Wk1eYzxvw0rllFVadZRN3g","PFppNi9rZWAw5f8e5J41MQ",4
"791","Gcjr__StoE_lpZjDGc31Ew","j0C1t08TLW_iPPdC-8P_vQ",4
"792","RYKF-828hPSbjlsGw8ZPpw","bgxDswHIdFP0Go0pNfyAAw",4
"793","VmXHlAJVT_UUYJqnEZK3xQ","n9GCtjLzN9D2rL79KCljOA",2
"794","6s7isj1OHWg6vQKa7YtorQ","_UNnXpOAs0Uz5-1O4ZsJHg",4
"795","tmabs4QN7OKrCQzydbyYnA","Fs7lKMANuifCyDjF99opRA",2
"796","OV6JZ1M5ov65F8PWQzhG-Q","H8TAPuQZa_pFaitbRnpY8Q",3
"797","x5XhXoQ06vN0WQSQ01GY5Q","PUK0RoIvq8pgi38FSCg7cQ",5
"798","dk5yqirSwDH7Cpp52NdhUA","eYVibUrZuFXN4l3adeAAdg",4
"799","IODL4MrbLUlxbJnB2NF98g","H94ed3GGuq0EnzG6OA-F3w",4
"800","-UMgfkqsTRc6JQxU-G1nXQ","NN341F-VrbNghUJl-qIurQ",3
"801","K5Z_jkEz1JqMZNs1EmNu-w","DLqbqCTMYUQLUSJ4Iwk17g",5
"802","0wIbYgsU-sqmkSGi4H66qw","hmoP5rFZ4eqiOxSR7WlI_w",2
"803","UifIElbaR3_awum1uJ1Qtg","kCmS6hELe6qmXF_TF9fNDQ",5
"804","VeJxI6D5SMRuX8_0RYT1TQ","BoaMAsCGJVphOJ1Y93QmZw",5
"805","OCYpnXBrF3aD7AC0DBB3MQ","N6vQhcimf4-Nz5zF-lks5Q",1
"806","SfDyV3xSubEV1KnFS5damg","REYoF_zk6hRyZp4F01ISJA",5
"807","3A59FuVX6AArQ_A0rQL05A","F9Xh2eJQNRD29hHIUrTzNw",4
"808","b7gcMEGWgkxTitOM1Ax6Mw","hKQsbxqTWumRK8OPk3uoEQ",1
"809","yhJ1SVBSjC_R2viEh5AbUA","Rz_EYBuygGYz-xCRZ7042g",3
"810","SveNwmGDCyGyL3Q19u6qhA","4kcIiptOVS0lxjvo3G0X2w",1
"811","l5Y4-KaTgLsoqnKcza9JCQ","kkgAgHRZ4T7dEJDlNy2CYg",4
"812","iC5JO52dGKJNxfzp3OVLPw","hViJhiow-CJVryMoEKxGhQ",4
"813","1HzkbbvDlOzwws7yrZNihg","CrXKBn6a1UaVycPh6YSyjw",2
"814","CF1flWDN-ir-ZhkF9IkoDQ","q33FT8iYvU2UUbJuiEQWUw",3
"815","_LbK9H21Hm6nx7FzjeGpEg","o9o8gDzVlAh3x2BLPaOStw",4
"816","HEi3w6OEJvE5TZ4GdtZ8qw","hC5-IFAE5U2CObQmivGesQ",5
"817","h3hhB5s03e_CHUMvX9xIOQ","pzYpg1xGY6T3BFFqxju3DQ",2
"818","_pIG1_s6Bzymn1zeyLjBHQ","qHmamQPCAKkia9X0uryA8g",4
"819","wCtf5_zG8EpWiBp_Oi7P0g","yoem-KW_Jln0LqsdLwLeUQ",2
"820","wAwUPXP-4lr6Wd_JLVF_1g","RTtjmOACubX5UwQeXEss1A",4
"821","ySgudi16-WEjBdagdFTQkQ","4_Z2QGkLj5QICAaSv94gnQ",3
"822","ES4QA9zxqPsX5MKCJPzHHA","3ECZI0UqG-DT_qa23SqQ-w",4
"823","p81Sa6FrqqHeL487LV2YJQ","_rlU6AQD8jJJb7iCiHrRdg",4
"824","KgB0PWymZ44X1ig54FtBfg","0frpl90_-9Ww0Cs90IV-ZQ",5
"825","mJAca0dHwL6JaMHN3_yUmw","xrPKJSl9iql-BfDx7mJE6w",2
"826","U4KYlRjP3KmavdPbtfOWJQ","K5uskuGHxaxheFKNXgQPBg",3
"827","iIn1mmSieORgkE2D8IK_Fg","_PXfiL60ObKC9KUIMNiTRA",5
"828","GzpYDg3TgIqEU-aMjjoLDw","APqEbz5ST_fRQczCimW5zw",5
"829","-7qXyEUe3RIs8CjBK8aEbg","T14uujF1WPqpINvlCfMy1Q",3
"830","H5ZfEYn6VbFD7p34KRWVlQ","9wjk2qRtca253mevOPG7Rw",1
"831","RBnxkTD84y-UmblyspmrCA","AiUnrpNt-IC6kJxJxCxesw",4
"832","QASqmFDB1pIBF7xSp1PVeg","On0cNw-upBlzvkFff50WMQ",1
"833","ZKSGg4hXspbnQR5UDm1Q4w","XQcSFSkoD7N_VcFGbMmobw",3
"834","nj2D-MjPvpOqXjr2vbJhAA","QggxXcppHbsFRTHOManGJA",4
"835","31xGKnUj9OORiClli7waWA","A46G2OAvLxFswiONB50Rrg",3
"836","TXginX5AqsLPhC0--NKVGQ","hnXA1m5_6ogFvuvPDEP0Aw",4
"837","1x0cxGil9U0yXiekkoAO6g","Oe8RGy4SiSavz_g6zJCYxw",4
"838","tf3tHIA2RO-jc6fevnssUQ","5HuYkhO6aQs1yzayTnMLNQ",5
"839","LW5AOJakYTOTyIFWAg2QUw","HrED44acwUngPkOWS0GUZg",3
"840","NJ_U2zzmgI53dSPN0pzcDg","IotuxJ8M1kDe9lK-cd1asQ",5
"841","2nM4S4Yq2tt8_24t-10LIg","RDzV57rWFU0eXPeqTCl7UA",5
"842","wBKmKQRnHRqG0f3dpeMwTg","iF_De2ALBUg8D_7HY8_MMg",2
"843","5unHDBh32-N4FgxGgg_GJA","8lLs3dsSN-Am2_EtNfbXqA",4
"844","q3quB7cgXbU18zMT8qpB0g","qnJ8FQPgJ1Jq-3G9l1fB3A",5
"845","ovQQd092dq1mJRL9lSReEQ","zqvFNZq8q86V7QOcpURcSg",3
"846","qXVoDDaR-PD-TwyOU42eIQ","g-B5qeJ0V9mTKrM9Ekr7BA",3
"847","8UDxF6DTvtHJuNSS0HQynQ","MJMTsZ0ty0RCyUjF_6XVPg",3
"848","DJp-RvWsIyX9z-8SN2N7Ag","fsqlE7jhO64Q62VDI_uRFQ",3
"849","32_3FkSx7tq1bzRU_ZL2yw","fin2G7SmfC2QRfeu7wmnbQ",4
"850","zwhty_ZmxbHAHoDfMjNbag","oqZTiKk6OMOHxyWhiQiFtg",3
"851","CpYy-uIO7V5TY30DnkoeOw","VBTYsHmf0uPACFlCuV4l9g",4
"852","3ay0Gaf-eoI2m0yvW29Zlw","bAljDfssbdUVngTT_qrO_g",4
"853","J84ahWfB4NM32V2EOvYQjw","4ERMTfKvWdANjLdyjiCcDA",3
"854","c1XHqYtBl5qyeAspzPiCFg","mFJYIVsGzhvu2K1Fd6VZ9g",4
"855","9bXbtXMwVvzzA3PI6jRqzA","73Gb_mlpMyq6K34OhzUaXw",1
"856","-uuTl4IErgKUirwXLh_Bvg","tAwPoaT1ZMeBwlX0yviiVg",5
"857","W4NzAeMJutonpj2FVx9j7g","fsqtrHKBUeucacxeX9FPaA",2
"858","z33x0fHD8gutPy5Gv6Hwpw","YVaA9PgC1DZ3or4aWa90IQ",1
"859","V6iHoaKHfHwgKqgEHBN3qQ","jarN5Qu9Ana9qJwTybNh0w",3
"860","kWRP0oIOdnFpyk6PMTbtYg","BQcgpQxUM39PMO_YDl_CqA",4
"861","GUHlmxEuIueAjCfy7n8gug","m8bPWfql97px5p18HqXu6Q",4
"862","73DZUFYAXuycbJ_eEAox1Q","8SkRnP_ynhWFielAppKGpg",5
"863","6xt-G_yXZKaXevYx3BjCcg","JV5oa5-KGdiWnqrKPoxSug",5
"864","t903_es-gp3abvdrIQutQA","AFGiRIi7SJAVS-xXp1h80w",3
"865","QehMW7YNxEBhyKDBsPi7Dg","e9shtyZ7-9GYcbPIVV--XQ",4
"866","H74c_2LheXJmtEJd2EV6WQ","Jyo7e8mYJGwVQKBHqCUvTA",4
"867","0Dq3T5EId_WRUtic7wZzBg","gcf4bQVbiOqglEmYBfbpwQ",5
"868","yGfhgyGwa706E196lAEkSA","p84sZneV0yPaAn6UpB8cew",5
"869","s7iQ8eVYEC1KwUGypK8hSA","Q0j0-u8WHHczEg5c9DPQKg",2
"870","BKflDIBmXwcfaWNSuFwGUA","yizsyT2dq-Bv8X7bBn5fHA",4
"871","diLkiME9BA9L3osJEVVk5g","WW_fT_c7i68p-JAVaPF02w",5
"872","crgWPc35LxjJccLFVQsQig","EylmyX5rhmz8zWdrsrNyZg",2
"873","HFCRM3EKyplFO5MbFk7rng","l-RO4heQFcQQ1lpy1dat2w",3
"874","ch4WBlNa442BE48Tq0jpvw","YFneuEeT5c7nT28T8-TipA",3
"875","AkJ_xMFE-zEynTGWizbCNQ","8W76Zyh1U-G0sjwXB0zKwg",4
"876","9l2tvJ5LP3pLUF7IyzzGKA","VAkdznBlCPQ7KFvm-Kma0g",5
"877","HqdRvkaxMrq3f7Jn8jn4jA","DO1Ukiuia9hs33VTnTY_Jg",4
"878","NLjRAhG_O9odE0qDD_FAYQ","Nzn4B6Y-Rj2QOhSe7UTMzw",4
"879","FTBUYeJB8jIIeNASyYq3dA","h11Hr07ffM-dn-rico0_fA",3
"880","yYwYSnyh0XVnEV2nhWLeQw","KKCc0UwSpqLl3PkdB1Yhew",4
"881","bLfLPpDK8vYISfM-mvUmdA","2u4DSD6F8RyFXp-Crhj8OA",4
"882","xoWBO-Q8eggololQumtC_Q","gaFdudyUxO3Y9wkpwLRueg",3
"883","afXrg596wmLZbIFt9-T1pg","DGTsG45tjTRMdPoycQyjlw",2
"884","lSLxtm7Ju7-Q1k4LN6PGcg","RiZqeuLN-3y04yh4c20Y0A",5
"885","0tMzVNtsz7hgW14WM2eR3A","ER0c0-cVKhW2O3sjUQawXg",3
"886","uLUGXM4mvM1YoEe_F3kMvA","GPhnm_rcjkbc_b96DVS5HQ",3
"887","vDzJZHf1uF63LoG0DFZn2w","Xq-8-I0U8Artr7d70SjX-g",3
"888","u9aAqhOiWIw146Qtp8RW6g","HMB84WmKjl8n_x12SbiayQ",5
"889","whQ_WM1wM22uqD9Fdu7OfA","dz1qvyImYe6lG-UEU0VkTQ",4
"890","rPn8UTeRsovDd_jlhQ6aEw","n4A61MWiTz6ZpiUBVQLcjA",5
"891","xwl2y07XKYft1Y3A2PY6Vw","_-AeUaBwErMAzg6drc--kA",5
"892","U1glh-pEYQfsffFgxwKHHQ","iorwDYbPB6jymOMAnTVduw",4
"893","QxBm4aYEOXlbAf-odsvbtA","hzSyQBWeoX94WOpUtxuWVg",3
"894","mmWGUQynOOO1bWjiemJfOA","qHmamQPCAKkia9X0uryA8g",1
"895","EiwxlbR8fb68lMgEXhcWKA","VeiGa7h8p1I2yAIfgZjgtw",4
"896","PRys9cwafodOKmrgpupP_Q","Z6Y4JnWBEvgay6PahHrQEQ",4
"897","OYaS5l760Xd15KRrOE2Cqw","yTjuYyapvDgTRbMgiYtePA",4
"898","gm4qnAemriBzLPAFRdu86w","m80VkXWqFUwa6WREXdLNJQ",5
"899","5vk55I-RdK_g_DK4-zYAog","KuLi91b-N_0XY_3IA72RJQ",2
"900","88a0QLdCfarn5aoxCcinoQ","PPQgcw0WKdZ6nznkPLgX5Q",3
"901","PhPWDLkYc7PlK1esW5i8VA","cBejqMu3nxm-YHOEn-DN3A",4
"902","hLGKr59Uc7yZOUzS-ptLrw","t-xuA4yR02gud00gTS2iyw",4
"903","mizNAPyeyo7Ip2jawjwaww","s-1A_UTgaunqgCq34m9pXQ",3
"904","U6yVdENNVQ-7egKWy89kBQ","zJHaLBqUYCXbc2Vyc1-MXA",4
"905","KXWggMsjK6LLZhYXzc_W3Q","0Kh0rV32K98T-ksPldv8uw",2
"906","ALK5O-7z8GiA0nn-oVP7Fw","piXuRfZ81xFGA64WFJrKkQ",5
"907","RwFMbKklySC3yxf5M4y85Q","JV5oa5-KGdiWnqrKPoxSug",5
"908","wp26uT5Nt-ND9EkCeAbq5g","WVt2GdaHqZNE5qUIJ7k3Eg",2
"909","AbL9EabubiDoUdNVNSDKMw","8mYNPK-XbYpp8JweXVLNAQ",5
"910","OtQ0P3coesQjhRT8jtI_Bw","G3d-xJF_Rt-P_za2eZ1q-Q",2
"911","PkRZYgz-Oq1dnjbRayIzwA","HSvxkRy8GQTZX56OFB4L-g",5
"912","Wq8pO8D3rFdRo7Q-bCWDbg","58cDJU4cub1o0o0B4h9GrA",5
"913","PH2l1wbZOiN9r-WcuIxL0A","7Q2BCFpY-VOezpkcAVmsbg",5
"914","cryr8b3xItSAofeyKihZGQ","RWD95WS_ViX5PE7idDICBQ",4
"915","vXrUBAIN4aoCt7F5p0kU_g","H7K1YI4ECl8oIY3Zt8qEsg",3
"916","lDn0NoxkpGP76qE6bIDlmA","Zh-mmgUey0oRDoDsHyYo6Q",3
"917","CopuArESVdDHgBdCRIVoLQ","z4YO4rycvYrZEd3VYtzVvw",3
"918","Ruy-sYxzljVuq2SVHdvf8w","8MD8Pjr2w_sB6bBV8iw4qA",2
"919","OjOgQY9xG4OpkTzknWh8zQ","gbE5C_xpME2xy1QKmhOaJQ",4
"920","OQ_qaXj2VuaYMPUkM5ml4A","1QasX9aZjmvRBxVB47K6vw",4
"921","s8wT72l4yzJSTsflfdMArw","M0o9CXzYH_k6vgG-0vVkVw",3
"922","7Q6F2zarZhXnMXd_g0ta7Q","jopjqDfrNnCX4nj_pE-rTg",2
"923","sakUsd33v7-cqtN2cPmpoQ","JrGSfjRqAtIZjjwC3FFQ4w",4
"924","wV8xeSuWUbLHSyH4kZ3NWw","gPPIvynVCnKsvADSgszAqg",1
"925","ubRaDCKYHeA7S6j2hv6aSQ","a8zs0zfAHa231nGGUutvrQ",3
"926","ihn2jB73WdZ5XKKAesQ2jw","oSMpVfjLeSDV2yZzNH0rKw",5
"927","YSn9CcclUq5GKp8BmRdATA","2guPjbcvEjSVI8CrOzrPUw",2
"928","90pzHtp7tkHwzMtDKQPnxQ","7MN8kNyuKDZtoSoVdZDCpg",3
"929","TofKl2M5fJuYjJiJwXoL8A","huHxwjbkyEf1nTam-o2BOQ",5
"930","ouH1gCgVB_Z6JfpF_bOxsA","-sBRtVo0bwLAtru_-iFmcw",4
"931","OEFwXYlkHFTsVXHzKCuEOA","y0xTHTPtxXTctQEKWVuGpg",4
"932","xdgr93mUbW42BNTi2WIqgQ","GH3D02sDvOT4A9JxgL0sxg",4
"933","MuKHYJKM19E01YROhSOLTQ","lIPv3-ocdPvkiiE6JaQi9w",3
"934","7sqwMZLeBtT8e9fq7MkeiA","_9ZZv5V-uM5BXx3P-HslIw",5
"935","sNpUeQG_65Ph6UWrzM5g9g","u02xse4VO7lkyF4r7ARNdw",2
"936","ufAPt9l9MR_CuQvsWhg-lQ","ezIfIJFtkvEHxP7BEUT8bA",5
"937","7rMrV2INgT31IpaKE4nm0w","v2oxMmRA3SEr9l4aQvmEMw",5
"938","Fk6pJP2Vv_MLe9N3nB2qTA","Ah4i15g8Ow_zphzcpulTxQ",4
"939","lUuuwASb173OYkuVPIRR6g","QoC-UTIeginhgjNd2WQNsQ",3
"940","lTbriCvh91L7ZOACYup2Yg","yoem-KW_Jln0LqsdLwLeUQ",4
"941","TtbtEwcqsNZmQAZ4-VFZjQ","Ee7h-Pp4jhAEQVK7ay2AtQ",3
"942","hv-tL4ViDfD-8SbjNF_etA","33O4dqq4C3zxYh1SEQJH5w",1
"943","Ygx0w_tGd8ba_wnSMFguxw","e3JYTYbYQlLTpzRhtkZr2A",3
"944","p6nBKyT9Y_pFJ1WxVEowwA","ywXXDU2qDrJt7RshO-NN7Q",4
"945","5OzInHm5IQPMnA7PStYQQA","izjn2FWR-5RQbqMBKq8TWQ",5
"946","cZFdhfwqtLHIykSQeQT34Q","Fv2VLzVj9ATLcTbFehTDjg",3
"947","lQrYXwWTmukfq7WpH4SDHA","qnRO5swUiQ2dNHuHRbAIzg",4
"948","TH_9hdtJX67bGgOcGrJ1Fw","_VVitWVj4AvzqV91O6c1Mw",4
"949","IcdxwCBX6rNHwlcFJEVVtQ","mdqwn32B4RVJI8_MQLXXHg",3
"950","TS1S50feBYNbDJo8DAVe2w","DtF3RSnvEXhXP7BFZ3LORA",4
"951","vd2sS6GwiujV-6_Q-zSpsw","1iY5q6spBS_DNWyemY829A",5
"952","5UDVAuh_gJcjWw5M4-xsbw","IcLm9Z1zphLnzUvrFK6aiA",4
"953","deWupEwA2pEAVKX9FJa0qg","I1eItvfQ0ghGOBjKtb0Leg",5
"954","l_uxBz72WDWWtb2bgNPZ3Q","e_8TvfKT6QT81snfrqYYTw",4
"955","hcMKgzXAp-x7pGXOWJRbxg","QUNchfxuTOOmjAXkHivYdQ",3
"956","i7K7MR8Nz1jiFbRS1D4D6A","5ve6nYs2T-zaBQEcdf812Q",2
"957","VR3yaS3dak8Nhpnn5Dw3JA","6nOxwnuN0ZwLX3h3JYSJnA",3
"958","eBrq47XD7mnZ6p6PxZzcxw","LwX2vbzttWYAdoBoVtfvRg",4
"959","iC0jIdhBucaSDGWCHaSOsQ","5ZZns2J3zIoDCp3Sd_jD6A",4
"960","pE6P8uXIBtYyUHpPJ6fqGQ","SfWZsocz-eqeYO1YOvkPiw",4
"961","wd9t4l2QFOssRr5wad9nTA","CLw3iXC8_ucYB7NuD0wFQw",3
"962","gjfcfzrYZ0O1xINHtnQKiA","viiKRWphCo8u5LWEtzlCmg",3
"963","K9U2qxPFi5llft8KuZIPjg","YGWR9uRCrFgIK_TNA6c1GQ",5
"964","0dwNY71DXM571w_Yu3lY6g","trbr9pYDDmXCj9z8m2d6LQ",5
"965","O-nOlCpVI3Hd24Rid1zo2A","7zgdhdt4-4ZsxLXvX3-abA",4
"966","wfKCXn-Bb_PBLgTFmHzobQ","p2zm0HnXZkI2yCAuYLb45g",4
"967","AKmLoFB0QL-OamsWlNWcOw","9MnbQg7kfb_WgxoV0hXKSQ",5
"968","fav7VgnV2pMocSpA1XFK0Q","RWd83o4drIOE60W1meaESA",3
"969","TrXcHi8xOp_rh1qS5uqetw","gI9538du9pBlm2kinu1iZA",5
"970","9_Axd_QUFh9RdAm36Apdpg","0iSN6PgiXKP4oSVL037ATg",5
"971","OQMDgH2PWuGn2ZF--fKy6Q","Za8mJnlBaqKKbWefGR0v-w",5
"972","LU81fe36m7dP5JKnAkAG7g","yr5PAGXB19P1cy9-QJ9IYA",4
"973","cTq0TfbzHTF54n463T5iVw","A0F-h3xJm_6gHDKcDQwSrQ",4
"974","9yzHD0x5srYlHBbuJROWFg","DfrvJL-6H5i1nsyL6H6VGg",5
"975","sZUF0Xz4xQ34MIkygEKYDw","WOtxN8wSOJcP_pPRAgNV3A",5
"976","E-8GtrIUQGPmEy5b-1zFBQ","Pmb8DDl9ATf0Q8pIev13ZQ",4
"977","iCYMf_sHRevmzWg8la-LVw","Xf4GBcmZSNZAn8umQCapAw",2
"978","qB7xTYkktyRvv83xi-EXyg","aoDGdIuFVU3JoaaACAKtyg",1
"979","LTXiiNFng4ys4JEdziksdw","JrGSfjRqAtIZjjwC3FFQ4w",5
"980","1qYrvLYZ-TrcMIy4kq5lcA","Xy0XjAKa85ZqtlJCudP_5g",4
"981","q0b7GC_2wmBlgV4Tq0APzQ","tJPaPZwRqFmDSEc8VEx9hA",2
"982","g1_V_L-P6J5MmjKAmbmXcg","MTGPiWQ0QS5IGjbBmZwTZQ",5
"983","2dyfZNhtyuHdestczTgWjQ","2EKubIGVNcK-wSngItwIJQ",3
"984","63rsfkJ6ptD9jU_Rf96iBg","WbghvrJETTvt9p7nPcfjAQ",2
"985","gyMSJrfyGPdcOeYBK2cqmA","QAWpI-J7azVOvNfzq62I9g",3
"986","z3r8KHBI7kd6-I6EhuaVQg","y7Ue76bTsCsmqTcITU20TQ",5
"987","VJIwQAIMJDghNtMuwu5nyQ","hnDW7D6khlTk-4xDGVPeQA",5
"988","TMr5z8JDuGPc0I-5WfpBMQ","TKDgFp9C7kf_pSHrQHZW_Q",3
"989","oZNEzkc8jdZZJ4hb7LlYtw","GfJk98IlO4YjJRBnA296Zw",5
"990","yzRWXbPEopeRhaIYEkd1_g","EMXF_jbhx_GNniMnG0uNVw",4
"991","KFNKhHwJeK49YATDsQSYfA","r0PFe8zVVcf8w7ziULTN8Q",5
"992","IfanXVYDpduyvMEi7-A-bw","g5zWjbpggtWRRWPnqNXgxQ",4
"993","_KIvL8QWHHZv8Giuf_pHlg","T42uQiJVIUqTTWMmkQtDiQ",4
"994","ZwmB1wiRyz_TFgppoiELNQ","TFxcmjVIsW5bdW7rilHHpQ",5
"995","BQvgDmqlljqVlEk7Ro9lFg","wooEclt2BfKBd16uqgrYeA",1
"996","hGPgU3hvaWjQS-uQcdivJA","u1Xq93R4LQ2VV2hK8MK5Wg",4
"997","W_EQFi2fXpBtuRm510cCpA","Ow3QHqOKBvp5AZG46n5QlQ",5
"998","azenhsJVTPxlFp8P1GfEeQ","bka4sTSaEv85RpIV-fVnhw",3
"999","q_QQ5kBBwlCcbL1s4NVK3g","PmnIrliSIYc_0L5fWUhbKA",5
"1000","aYFGI9H7ykXRTxZefN13cQ","I1eS83hJ5wIEUYN_m4P0jA",4
